dataset\0001.jpg,XV в.,Дерево,Левкас,None,Темпера,False,False
dataset\0002.jpg,XVI в.,Дерево,Левкас,None,Темпера,False,False
dataset\0003.jpg,XV в.,Дерево,Левкас,None,Темпера,False,False
dataset\0004.jpg,XVI в.,Дерево,Левкас,None,Темпера,False,False
dataset\0005.jpg,XVI–XVII в.,Дерево,Левкас,Паволока,Темпера,False,False
dataset\0006.jpg,XVII в.,Дерево,Левкас,None,Темпера,False,False
dataset\0007.jpg,XVII в.,Дерево,Левкас,None,Темпера,False,True
dataset\0008.jpg,XVII в.,Дерево,None,None,Темпера,False,False
dataset\0009.jpg,XVII в.,Дерево,None,None,Темпера,False,False
dataset\0010.jpg,XVIII в.,Дерево,Левкас,None,Масло,False,False
dataset\0011.jpg,XVII в.,Дерево,Левкас,Паволока,Темпера,True,False
dataset\0012.jpg,XVII в.,Дерево,Левкас,None,Темпера,False,False
dataset\0013.jpg,XVII в.,Дерево,Левкас,None,Темпера,False,False
dataset\0014.jpg,XVI в.,Дерево,None,None,Темпера,False,False
dataset\0015.jpg,XVII в.,Дерево,None,None,Темпера,False,False
dataset\0016.jpg,XVI в.,Дерево,None,None,Темпера,False,False
dataset\0017.jpg,XV в.,Дерево,None,None,Темпера,False,False
dataset\0018.jpg,XVII в.,Дерево,Левкас,Паволока,Темпера,True,False
dataset\0019.jpg,XVIII в.,Дерево,Левкас,None,Темпера,False,False
dataset\0020.jpg,XVIII в.,Дерево,None,None,Темпера,False,False
dataset\0021.jpg,XVIII в.,Дерево,None,None,Темпера,False,False
dataset\0022.jpg,XVIII в.,Дерево,None,None,Темпера,False,False
dataset\0023.jpg,XIX в.,Дерево,None,None,Масло,False,True
dataset\0024.jpg,XIX в.,Дерево,None,None,Темпера,False,False
dataset\0025.jpg,XVII в.,Дерево,None,None,Темпера,False,False
dataset\0026.jpg,XVIII–XIX в.,Дерево,None,None,Темпера,False,False
dataset\0027.jpg,XVII в.,Дерево,None,None,Темпера,True,False
dataset\0028.jpg,XVIII в.,Дерево,None,None,Темпера,False,False
dataset\0029.jpg,XIX в.,Дерево,None,None,Темпера,False,False
dataset\0030.jpg,XVII в.,Дерево,Левкас,None,Темпера,False,False
dataset\0031.jpg,XVII в.,Дерево,Левкас,None,Темпера,False,False
dataset\0032.jpg,XVIII в.,Дерево,Левкас,None,Темпера,False,False
dataset\0033.jpg,XVII в.,Дерево,Левкас,None,Темпера,False,False
dataset\0034.jpg,XVIII в.,Дерево,Левкас,None,Темпера,False,False
dataset\0035.jpg,XVII в.,Дерево,Левкас,None,Темпера,False,False
dataset\0036.jpg,XVII в.,Дерево,Левкас,None,Темпера,False,False
dataset\0037.jpg,XVIII в.,Дерево,Левкас,None,Темпера,False,False
dataset\0038.jpg,XVII–XVIII в.,Дерево,Левкас,None,Темпера,False,False
dataset\0039.jpg,XVII в.,Дерево,Левкас,None,Темпера,False,False
dataset\0040.jpg,XVIII в.,Дерево,Левкас,None,Темпера,False,False
dataset\0041.jpg,XVII в.,Дерево,Левкас,None,Темпера,False,False
dataset\0042.jpg,XVIII в.,Дерево,Левкас,None,Темпера,False,False
dataset\0043.jpg,XVIII в.,Дерево,Левкас,None,Темпера,False,False
dataset\0044.jpg,XVIII в.,Дерево,Левкас,None,Темпера,False,False
dataset\0045.jpg,XVIII в.,Дерево,Левкас,None,Темпера,False,False
dataset\0046.jpg,XVIII в.,Дерево,Левкас,None,Темпера,False,False
dataset\0047.jpg,XVII–XVIII в.,Дерево,Левкас,None,Темпера,True,False
dataset\0048.jpg,XVIII в.,Дерево,Левкас,None,Темпера,False,False
dataset\0049.jpg,XVIII в.,Дерево,Левкас,None,Темпера,False,False
dataset\0050.jpg,XVIII–XIX в.,Дерево,Левкас,None,Темпера,False,True
dataset\0051.jpg,XVIII–XIX в.,Бронза,None,None,Литье,False,False
dataset\0052.jpg,XVIII–XIX в.,Дерево,Левкас,None,Темпера,True,False
dataset\0053.jpg,XVIII–XIX в.,Дерево,Левкас,Паволока,Темпера,False,False
dataset\0054.jpg,XIX в.,Дерево,None,None,Смешанная,False,False
dataset\0055.jpg,XIX в.,Дерево,Левкас,None,Темпера,False,False
dataset\0056.jpg,XIX в.,Дерево,Левкас,None,Темпера,False,False
dataset\0057.jpg,XIX в.,Дерево,Левкас,Паволока,Темпера,False,False
dataset\0058.jpg,XIX в.,Дерево,Левкас,None,Темпера,False,False
dataset\0059.jpg,XIX в.,Дерево,Левкас,None,Темпера,False,False
dataset\0060.jpg,XIX в.,Дерево,Левкас,None,Темпера,False,False
dataset\0061.jpg,XIX в.,Дерево,Левкас,None,Темпера,False,False
dataset\0062.jpg,XIX в.,Дерево,Левкас,Паволока,Темпера,False,False
dataset\0063.jpg,XIX в.,Дерево,Левкас,Паволока,Темпера,False,False
dataset\0064.jpg,XIX в.,Дерево,Левкас,Паволока,Темпера,False,False
dataset\0065.jpg,XIX в.,Дерево,Левкас,Паволока,Темпера,False,False
dataset\0066.jpg,XVII в.,Дерево,Левкас,None,Темпера,False,False
dataset\0067.jpg,XIX в.,Дерево,Левкас,None,Темпера,False,False
dataset\0068.jpg,XIX в.,Дерево,Левкас,None,Темпера,False,False
dataset\0069.jpg,XIX в.,Дерево,Левкас,None,Темпера,False,False
dataset\0070.jpg,XIX в.,Дерево,Левкас,None,Темпера,False,False
dataset\0071.jpg,XIX в.,Дерево,Левкас,None,Темпера,False,False
dataset\0072.jpg,XIX в.,Дерево,Левкас,Паволока,Темпера,False,False
dataset\0073.jpg,XIX в.,Дерево,Левкас,Паволока,Темпера,True,False
dataset\0074.jpg,XIX в.,Дерево,None,None,Масло,False,False
dataset\0075.jpg,XIX в.,Дерево,Левкас,None,Темпера,False,False
dataset\0076.jpg,XIX в.,Дерево,Левкас,None,Темпера,False,False
dataset\0077.jpg,XIX в.,Бронза,Эмаль,None,Литье,False,False
dataset\0078.jpg,XIX в.,Дерево,Левкас,Паволока,Темпера,False,False
dataset\0079.jpg,XIX в.,Дерево,Левкас,Паволока,Темпера,False,False
dataset\0080.jpg,XIX в.,Дерево,Левкас,None,Темпера,True,False
dataset\0081.jpg,XIX в.,Дерево,Левкас,None,Темпера,False,False
dataset\0082.jpg,XIX в.,Дерево,Левкас,None,Темпера,False,False
dataset\0083.jpg,XIX в.,Дерево,Левкас,None,Темпера,False,False
dataset\0084.jpg,XIX в.,Дерево,Левкас,None,Темпера,False,False
dataset\0085.jpg,XIX в.,Дерево,None,None,Масло,False,False
dataset\0086.jpg,XIX в.,Дерево,Левкас,None,Темпера,False,False
dataset\0087.jpg,XIX в.,Дерево,Левкас,None,Смешанная,False,False
dataset\0088.jpg,XIX в.,Бронза,None,None,Литье,False,False
dataset\0089.jpg,XIX в.,Медный сплав,None,Позолота,Чеканка,False,False
dataset\0090.jpg,XIX в.,Медный сплав,Посеребренье,Позолота,Чеканка,False,False
dataset\0091.jpg,XIX в.,Бронза,None,None,Литье,False,False
dataset\0092.jpg,XIX в.,Бронза,None,None,Литье,False,False
dataset\0093.jpg,XIX в.,Дерево,Левкас,Паволока,Темпера,False,False
dataset\0094.jpg,XIX в.,Дерево,Левкас,None,Темпера,False,False
dataset\0095.jpg,XIX в.,Дерево,None,None,Масло,True,False
dataset\0096.jpg,XIX в.,Дерево,None,None,Масло,False,False
dataset\0097.jpg,XIX в.,Дерево,None,None,Масло,False,False
dataset\0098.jpg,XIX в.,Дерево,Левкас,Паволока,Темпера,False,False
dataset\0099.jpg,XIX в.,Дерево,Левкас,None,Темпера,True,False
dataset\0100.jpg,XIX в.,Дерево,Левкас,None,Темпера,False,False
dataset\0101.jpg,XIX в.,Дерево,Левкас,Паволока,Темпера,False,False
dataset\0102.jpg,XIX в.,Дерево,Левкас,None,Темпера,False,False
dataset\0103.jpg,XIX в.,Дерево,Левкас,None,Темпера,True,False
dataset\0104.jpg,XIX в.,Дерево,Левкас,None,Темпера,False,False
dataset\0105.jpg,XIX в.,Дерево,None,None,Масло,False,False
dataset\0106.jpg,XIX в.,Дерево,None,None,Масло,False,False
dataset\0107.jpg,XIX в.,Дерево,Левкас,Паволока,Темпера,False,False
dataset\0108.jpg,XIX–XX в.,Дерево,Левкас,None,Темпера,False,False
dataset\0109.jpg,XIX в.,Дерево,Левкас,None,Масло,False,False
dataset\0110.jpg,XIX в.,Дерево,Левкас,Паволока,Темпера,True,False
dataset\0111.jpg,XIX в.,Дерево,None,None,Масло,False,False
dataset\0112.jpg,XIX в.,Дерево,Левкас,None,Темпера,False,False
dataset\0113.jpg,XIX в.,Дерево,Левкас,None,Темпера,False,False
dataset\0114.jpg,XIX в.,Дерево,Левкас,Паволока,Темпера,False,False
dataset\0115.jpg,XIX в.,Дерево,Левкас,None,Темпера,False,False
dataset\0116.jpg,XIX в.,Дерево,Левкас,None,Темпера,False,True
dataset\0117.jpg,XIX в.,Дерево,Левкас,None,Темпера,False,False
dataset\0118.jpg,XIX в.,Дерево,Левкас,None,Темпера,False,False
dataset\0119.jpg,XIX в.,Дерево,Левкас,Паволока,Темпера,True,False
dataset\0120.jpg,XIX в.,Дерево,Левкас,None,Темпера,False,False
dataset\0121.jpg,XIX в.,Дерево,None,None,Масло,False,False
dataset\0122.jpg,XIX в.,Дерево,Левкас,None,Темпера,False,False
dataset\0123.jpg,XIX в.,Дерево,Левкас,None,Темпера,False,False
dataset\0124.jpg,XIX в.,Дерево,None,None,Масло,False,False
dataset\0125.jpg,XIX в.,Дерево,Левкас,None,Темпера,False,False
dataset\0126.jpg,XIX в.,Дерево,Левкас,None,Темпера,False,False
dataset\0127.jpg,XIX в.,Дерево,Левкас,None,Темпера,False,True
dataset\0128.jpg,XIX в.,Дерево,Левкас,None,Темпера,False,False
dataset\0129.jpg,XIX в.,Дерево,Левкас,None,Темпера,False,False
dataset\0130.jpg,XIX в.,Дерево,Левкас,None,Темпера,False,False
dataset\0131.jpg,XIX в.,Дерево,Левкас,None,Темпера,False,False
dataset\0132.jpg,XIX–XX в.,Дерево,Левкас,Паволока,Темпера,False,False
dataset\0133.jpg,XIX–XX в.,Дерево,Левкас,None,Темпера,False,False
dataset\0134.jpg,XIX–XX в.,Дерево,Левкас,None,Темпера,False,False
dataset\0135.jpg,XIX–XX в.,Дерево,Левкас,None,Темпера,False,False
dataset\0136.jpg,XIX–XX в.,Дерево,Левкас,None,Темпера,False,False
dataset\0137.jpg,XIX–XX в.,Дерево,Левкас,None,Темпера,False,False
dataset\0138.jpg,XIX–XX в.,Дерево,Левкас,None,Темпера,False,False
dataset\0139.jpg,XIX–XX в.,Дерево,Левкас,None,Темпера,False,False
dataset\0140.jpg,XIX–XX в.,Дерево,Левкас,None,Темпера,False,False
dataset\0141.jpg,XIX–XX в.,Дерево,Левкас,None,Темпера,False,False
dataset\0142.jpg,XIX–XX в.,Дерево,Левкас,None,Темпера,False,False
dataset\0143.jpg,XIX–XX в.,Дерево,Левкас,Паволока,Темпера,False,False
dataset\0144.jpg,XIX–XX в.,Дерево,Левкас,Паволока,Темпера,False,False
dataset\0145.jpg,XIX–XX в.,Дерево,Левкас,None,Темпера,False,False
dataset\0146.jpg,XIX–XX в.,Дерево,Левкас,None,Темпера,False,False
dataset\0147.jpg,XIX–XX в.,Дерево,Левкас,None,Темпера,False,False
dataset\0148.jpg,XIX–XX в.,Дерево,Левкас,None,Темпера,False,False
dataset\0149.jpg,XIX–XX в.,Дерево,Левкас,None,Темпера,False,False
dataset\0150.jpg,XIX–XX в.,Дерево,Левкас,None,Темпера,False,False
dataset\0151.jpg,XIX–XX в.,Дерево,Левкас,None,Темпера,False,False
dataset\0152.jpg,XIX–XX в.,Дерево,Левкас,None,Темпера,False,False
dataset\0153.jpg,XIX–XX в.,Дерево,Левкас,None,Темпера,False,False
dataset\0154.jpg,XIX–XX в.,Дерево,Левкас,None,Темпера,False,False
dataset\0155.jpg,XIX–XX в.,Дерево,Левкас,None,Темпера,False,False
dataset\0156.jpg,XIX–XX в.,Дерево,Левкас,Паволока,Темпера,False,False
dataset\0157.jpg,XIX–XX в.,Дерево,Левкас,None,Темпера,False,False
dataset\0158.jpg,XIX–XX в.,Дерево,Левкас,None,Темпера,False,False
dataset\0159.jpg,XIX–XX в.,Дерево,Левкас,None,Темпера,False,False
dataset\0160.jpg,XIX–XX в.,Дерево,Левкас,Паволока,Темпера,False,False
dataset\0161.jpg,XIX–XX в.,Дерево,Левкас,None,Темпера,False,False
dataset\0162.jpg,XIX–XX в.,Дерево,Левкас,None,Темпера,False,False
dataset\0163.jpg,XIX–XX в.,Дерево,Левкас,None,Темпера,False,False
dataset\0164.jpg,XIX–XX в.,Дерево,Левкас,None,Темпера,False,False
dataset\0165.jpg,XIX–XX в.,Дерево,Левкас,None,Темпера,False,False
dataset\0166.jpg,XIX–XX в.,Дерево,Левкас,None,Темпера,True,False
dataset\0167.jpg,XIX–XX в.,Дерево,Левкас,None,Темпера,True,False
dataset\0168.jpg,XIX–XX в.,Дерево,Левкас,None,Темпера,False,False
dataset\0169.jpg,XIX–XX в.,Дерево,Левкас,Паволока,Темпера,False,False
dataset\0170.jpg,XIX–XX в.,Дерево,Левкас,Паволока,Темпера,False,False
dataset\0171.jpg,XIX–XX в.,Дерево,Левкас,Паволока,Темпера,False,False
dataset\0172.jpg,XIX–XX в.,Дерево,Левкас,Паволока,Темпера,False,False
dataset\0173.jpg,XIX–XX в.,Дерево,Левкас,Паволока,Темпера,False,False
dataset\0174.jpg,XIX–XX в.,Дерево,Левкас,None,Темпера,False,False
dataset\0175.jpg,XIX–XX в.,Дерево,Левкас,None,Темпера,False,False
dataset\0176.jpg,XIX–XX в.,Дерево,Левкас,None,Темпера,False,False
dataset\0177.jpg,XIX–XX в.,Дерево,Левкас,None,Темпера,False,False
dataset\0178.jpg,XIX–XX в.,Дерево,Левкас,None,Темпера,False,False
dataset\0179.jpg,XIX–XX в.,Дерево,Левкас,None,Темпера,False,False
dataset\0180.jpg,XIX–XX в.,Дерево,Левкас,None,Темпера,False,False
dataset\0181.jpg,XIX–XX в.,Дерево,Левкас,None,Темпера,True,False
dataset\0182.jpg,XIX–XX в.,Дерево,Левкас,None,Темпера,False,False
dataset\0183.jpg,XIX–XX в.,Дерево,Левкас,Паволока,Темпера,False,False
dataset\0184.jpg,XIX–XX в.,Дерево,Левкас,None,Темпера,False,False
dataset\0185.jpg,XIX–XX в.,Дерево,Левкас,None,Темпера,False,False
dataset\0186.jpg,XIX–XX в.,Дерево,Левкас,None,Темпера,False,False
dataset\0187.jpg,XIX–XX в.,Дерево,None,None,Масло,False,False
dataset\0188.jpg,XIX–XX в.,Дерево,Левкас,Паволока,Темпера,False,False
dataset\0189.jpg,XIX–XX в.,Дерево,Левкас,None,Темпера,False,False
dataset\0190.jpg,XIX–XX в.,Дерево,Левкас,None,Смешанная,False,False
dataset\0191.jpg,XIX–XX в.,Дерево,Левкас,None,Темпера,False,False
dataset\0192.jpg,XIX–XX в.,Дерево,Левкас,None,Темпера,False,False
dataset\0193.jpg,XIX–XX в.,Дерево,Левкас,None,Темпера,False,False
dataset\0194.jpg,XIX–XX в.,Дерево,Левкас,None,Темпера,False,False
dataset\0195.jpg,XIX в.,Дерево,Левкас,None,Масло,False,False
dataset\0196.jpg,XIX–XX в.,Дерево,Левкас,Паволока,Масло,False,False
dataset\0197.jpg,XIX–XX в.,Дерево,Левкас,Паволока,Темпера,False,False
dataset\0198.jpg,XIX в.,Дерево,Левкас,None,Темпера,False,False
dataset\0199.jpg,XIX–XX в.,Дерево,None,None,Масло,False,False
dataset\0200.jpg,XIX–XX в.,Дерево,None,None,Масло,False,False
dataset\0201.jpg,XIX–XX в.,Дерево,Левкас,None,Темпера,False,False
dataset\0202.jpg,XIX в.,Дерево,Левкас,None,Темпера,False,False
dataset\0203.jpg,XIX–XX в.,Дерево,Левкас,None,Темпера,False,False
dataset\0204.jpg,XIX в.,Дерево,None,None,Масло,False,False
dataset\0205.jpg,XIX–XX в.,Дерево,None,None,Масло,False,False
dataset\0206.jpg,XIX–XX в.,Дерево,Левкас,None,Масло,False,False
dataset\0207.jpg,XIX–XX в.,Дерево,Левкас,None,Темпера,False,False
dataset\0208.jpg,XIX–XX в.,Дерево,Левкас,None,Темпера,False,False
dataset\0209.jpg,XIX–XX в.,Дерево,Левкас,Паволока,Темпера,False,False
dataset\0210.jpg,XIX в.,Дерево,None,None,Масло,False,True
dataset\0211.jpg,XIX–XX в.,Дерево,Левкас,None,Масло,False,False
dataset\0212.jpg,XIX–XX в.,Дерево,None,None,Масло,True,False
dataset\0213.jpg,XIX–XX в.,Дерево,Левкас,None,Темпера,False,False
dataset\0214.jpg,XIX–XX в.,Дерево,Левкас,None,Темпера,False,False
dataset\0215.jpg,XIX–XX в.,Дерево,Левкас,None,Темпера,False,True
dataset\0216.jpg,XIX–XX в.,Холст,Левкас,None,Масло,False,False
dataset\0217.jpg,XIX–XX в.,Дерево,Левкас,None,Темпера,False,False
dataset\0218.jpg,XIX в.,Дерево,None,None,Масло,False,False
dataset\0219.jpg,XIX–XX в.,Дерево,Левкас,Паволока,Темпера,False,False
dataset\0220.jpg,XIX–XX в.,Дерево,Левкас,None,Темпера,False,False
dataset\0221.jpg,XIX–XX в.,Дерево,Левкас,None,Темпера,False,False
dataset\0222.jpg,XIX–XX в.,Дерево,Левкас,Паволока,Темпера,False,False
dataset\0223.jpg,XIX–XX в.,Дерево,Левкас,Паволока,Темпера,False,False
dataset\0224.jpg,XIX–XX в.,Дерево,Левкас,Паволока,Темпера,True,False
dataset\0225.jpg,XIX–XX в.,Дерево,Левкас,None,Темпера,False,False
dataset\0226.jpg,XIX–XX в.,Дерево,Левкас,None,Масло,False,False
dataset\0227.jpg,XIX–XX в.,Дерево,Левкас,Паволока,Смешанная,False,False
dataset\0228.jpg,XIX–XX в.,Дерево,Левкас,None,Масло,False,True
dataset\0229.jpg,XIX–XX в.,Дерево,None,None,Масло,False,False
dataset\0230.jpg,XIX–XX в.,Дерево,Левкас,None,Темпера,False,False
dataset\0231.jpg,XIX–XX в.,Дерево,Левкас,None,Смешанная,False,False
dataset\0232.jpg,XIX в.,Дерево,Бумага,None,Хромолитография,False,False
dataset\0233.jpg,XX в.,Дерево,None,None,Масло,False,False
dataset\0234.jpg,XX в.,Дерево,None,None,Масло,False,False
dataset\0235.jpg,XX в.,Дерево,Левкас,Паволока,Масло,False,False
dataset\0236.jpg,XX в.,Дерево,Жесть,None,Чеканка,False,False
dataset\0237.jpg,XX в.,Дерево,Левкас,None,Темпера,False,False
dataset\0238.jpg,XX в.,Дерево,Левкас,Паволока,Масло,False,False
dataset\0239.jpg,XX в.,Дерево,Левкас,None,Масло,False,False
dataset\0240.jpg,XX в.,Дерево,Бумага,None,Хромолитография,False,False
dataset\0241.jpg,XX в.,Дерево,None,None,Масло,False,True
dataset\0242.jpg,XX в.,Дерево,None,None,Масло,False,False
dataset\0243.jpg,XX в.,Дерево,Левкас,None,Масло,False,False
dataset\0244.jpg,XX в.,Дерево,None,None,Масло,False,False
dataset\0245.jpg,XX в.,Дерево,None,None,Масло,False,False
dataset\0246.jpg,XX в.,Дерево,None,Бархат,Масло,False,False
dataset\0247.jpg,XX в.,Дерево,Левкас,Паволока,Темпера,False,False
dataset\0248.jpg,XX в.,Дерево,Левкас,None,Масло,False,False
dataset\0249.jpg,XX в.,Дерево,None,None,Масло,False,False
dataset\0250.jpg,XX в.,Дерево,None,None,Масло,False,False
dataset\0251.jpg,XX в.,Дерево,Левкас,Паволока,Темпера,False,False
dataset\0252.jpg,ХIХ в.,Дерево,None,Позолота,Масло,False,False
dataset\0253.jpg,ХIХ в.,Дерево,None,Позолота,Масло,False,False
dataset\0254.jpg,ХIХ в.,Дерево,None,Позолота,Масло,False,False
dataset\0255.jpg,ХIХ в.,Дерево,None,None,Темпера,False,False
dataset\0256.jpg,ХIХ в.,Дерево,None,None,Темпера,False,False
dataset\0257.jpg,XX в.,Дерево,None,None,Масло,False,False
dataset\0258.jpg,ХIХ в.,Дерево,Левкас,Позолота,Темпера,False,False
dataset\0259.jpg,ХIХ в.,Дерево,Левкас,None,Темпера,False,False
dataset\0260.jpg,XIX–XX в.,Дерево,None,None,Масло,False,True
dataset\0261.jpg,XX в.,Дерево,None,None,Масло,False,True
dataset\0262.jpg,ХIХ в.,Дерево,None,None,Темпера,False,False
dataset\0263.jpg,XIX–XX в.,Дерево,None,None,Темпера,False,False
dataset\0264.jpg,ХIХ в.,Дерево,None,None,Масло,False,False
dataset\0265.jpg,ХIХ в.,Дерево,None,None,Темпера,False,False
dataset\0266.jpg,ХIХ в.,Дерево,None,None,Темпера,False,False
dataset\0267.jpg,XIX–XX в.,Дерево,None,None,Масло,False,False
dataset\0268.jpg,ХIХ в.,Дерево,None,None,Темпера,True,False
dataset\0269.jpg,ХIХ в.,Дерево,None,None,Темпера,False,True
dataset\0270.jpg,ХIХ в.,Дерево,Левкас,None,Темпера,False,False
dataset\0271.jpg,XX в.,Дерево,None,None,Масло,False,True
dataset\0272.jpg,ХIХ в.,Дерево,None,None,Темпера,False,True
dataset\0273.jpg,ХIХ в.,Дерево,None,None,Темпера,False,False
dataset\0274.jpg,XIX–XX в.,Дерево,None,None,Темпера,False,False
dataset\0275.jpg,XX в.,Дерево,None,Позолота,Масло,False,False
dataset\0276.jpg,XX в.,Дерево,Левкас,None,Темпера,False,False
dataset\0277.jpg,XIX–XX в.,Дерево,None,None,Масло,False,False
dataset\0278.jpg,ХIХ в.,Дерево,None,None,Масло,False,False
dataset\0279.jpg,ХIХ в.,Дерево,None,None,Темпера,False,False
dataset\0280.jpg,ХIХ в.,Дерево,None,None,Темпера,False,False
dataset\0281.jpg,ХIХ в.,Дерево,None,None,Темпера,False,False
dataset\0282.jpg,ХIХ в.,Дерево,Левкас,Позолота,Темпера,False,False
dataset\0283.jpg,ХVIII в.,Дерево,None,None,Темпера,False,False
dataset\0284.jpg,ХIХ в.,Дерево,None,None,Темпера,False,False
dataset\0285.jpg,ХIХ в.,Дерево,None,None,Масло,False,False
dataset\0286.jpg,ХIХ в.,Дерево,None,None,Темпера,False,False
dataset\0287.jpg,ХIХ в.,Дерево,None,Позолота,Темпера,False,False
dataset\0288.jpg,ХIХ в.,Дерево,Левкас,None,Масло,False,False
dataset\0289.jpg,ХIХ в.,Дерево,None,None,Темпера,False,False
dataset\0290.jpg,ХVIII в.,Дерево,Левкас,Позолота,Темпера,True,False
dataset\0291.jpg,ХIХ в.,Дерево,Левкас,Позолота,Темпера,True,False
dataset\0292.jpg,ХIХ в.,Дерево,Левкас,Паволока,Темпера,True,False
dataset\0293.jpg,XVIII–XIX в.,Дерево,Левкас,Паволока,Темпера,True,True
dataset\0294.jpg,ХIХ в.,Дерево,Левкас,None,Темпера,True,False
dataset\0295.jpg,XIX–XX в.,Дерево,Левкас,Паволока,Масло,True,True
dataset\0296.jpg,ХIХ в.,Дерево,Левкас,None,Темпера,True,False
dataset\0297.jpg,ХVIII в.,Дерево,Левкас,Паволока,Темпера,True,True
dataset\0298.jpg,ХIХ в.,Дерево,Левкас,Позолота,Темпера,True,False
dataset\0299.jpg,ХIХ в.,Дерево,Левкас,Паволока,Темпера,True,False
dataset\0300.jpg,ХIХ в.,Дерево,Левкас,Паволока,Темпера,True,False
dataset\0301.jpg,ХIХ в.,Дерево,Левкас,Позолота,Темпера,True,False
dataset\0302.jpg,ХIХ в.,Дерево,Левкас,Паволока,Темпера,True,False
dataset\0303.jpg,ХIХ в.,Дерево,Левкас,None,Темпера,True,False
dataset\0304.jpg,ХIХ в.,Дерево,Левкас,Паволока,Темпера,True,False
dataset\0305.jpg,ХIХ в.,Дерево,Левкас,Позолота,Темпера,True,False
dataset\0306.jpg,ХIХ в.,Дерево,Левкас,Позолота,Темпера,True,False
dataset\0307.jpg,ХIХ в.,Дерево,Левкас,Позолота,Темпера,True,False
dataset\0308.jpg,ХVIII в.,Дерево,Левкас,Паволока,Темпера,True,False
dataset\0309.jpg,XIX в.,Дерево,Левкас,Позолота,Темпера,True,False
dataset\0310.jpg,XVII в.,Дерево,Левкас,None,Темпера,True,False
dataset\0311.jpg,ХIХ в.,Дерево,Левкас,Позолота,Темпера,True,False
dataset\0312.jpg,ХIХ в.,Дерево,Левкас,Позолота,Темпера,True,False
dataset\0313.jpg,ХIХ в.,Дерево,Левкас,Паволока,Темпера,True,False
dataset\0314.jpg,ХIХ в.,Дерево,Левкас,Позолота,Темпера,True,False
dataset\0315.jpg,ХVIII в.,Дерево,Левкас,Позолота,Темпера,True,False
dataset\0316.jpg,XIX в.,Дерево,Левкас,Паволока,Темпера,True,False
dataset\0317.jpg,ХIХ в.,Дерево,Левкас,Позолота,Темпера,True,False
dataset\0318.jpg,XIX в.,Дерево,Левкас,Паволока,Темпера,True,False
dataset\0319.jpg,ХIХ в.,Дерево,Левкас,Позолота,Темпера,True,False
dataset\0320.jpg,ХIХ в.,Дерево,Левкас,Паволока,Темпера,True,False
dataset\0321.jpg,ХIХ в.,Дерево,Левкас,Позолота,Темпера,True,False
dataset\0322.jpg,ХIХ в.,Дерево,Левкас,Позолота,Темпера,True,False
dataset\0323.jpg,ХIХ в.,Дерево,Левкас,Позолота,Темпера,True,False
dataset\0324.jpg,ХIХ в.,Дерево,Левкас,Паволока,Темпера,True,True
dataset\0325.jpg,XIX в.,Дерево,Левкас,Позолота,Темпера,True,False
dataset\0326.jpg,XIX в.,Дерево,Левкас,Позолота,Темпера,True,False
dataset\0327.jpg,XIX в.,Дерево,Левкас,None,Темпера,True,False
dataset\0328.jpg,XIX в.,Дерево,Левкас,Паволока,Темпера,True,False
dataset\0329.jpg,XIX в.,Дерево,Левкас,Паволока,Темпера,True,False
dataset\0330.jpg,XIX в.,Дерево,Левкас,Паволока,Темпера,True,False
dataset\0331.jpg,ХVIII в.,Дерево,Левкас,Бархат,Смешанная,True,False
dataset\0332.jpg,XIX в.,Дерево,Левкас,Паволока,Темпера,True,False
dataset\0333.jpg,XIX в.,Дерево,Левкас,Позолота,Темпера,True,False
dataset\0334.jpg,XIX в.,Дерево,Левкас,Паволока,Темпера,True,False
dataset\0335.jpg,XIX в.,Дерево,Левкас,Паволока,Темпера,True,False
dataset\0336.jpg,XIX в.,Дерево,Левкас,Паволока,Темпера,True,False
dataset\0337.jpg,XIX в.,Дерево,Левкас,Паволока,Темпера,True,False
dataset\0338.jpg,XIX в.,Дерево,Левкас,Паволока,Темпера,True,False
dataset\0339.jpg,XIX в.,Дерево,Левкас,Паволока,Темпера,True,False
dataset\0340.jpg,XIX в.,Дерево,Левкас,Паволока,Темпера,True,False
dataset\0341.jpg,XIX в.,Дерево,Левкас,Паволока,Темпера,True,False
dataset\0342.jpg,XIX в.,Дерево,Левкас,Паволока,Темпера,True,False
dataset\0343.jpg,XIX в.,Дерево,Левкас,Паволока,Темпера,True,False
dataset\0344.jpg,XIX в.,Дерево,Левкас,Паволока,Темпера,True,False
dataset\0345.jpg,XIX в.,Дерево,Левкас,Паволока,Темпера,True,False
dataset\0346.jpg,XIX в.,Дерево,Левкас,None,Темпера,False,False
dataset\0347.jpg,ХVIII в.,Дерево,Левкас,None,Темпера,False,False
dataset\0348.jpg,XVII–XVIII в.,Дерево,Левкас,Паволока,Темпера,False,False
dataset\0349.jpg,XVII в.,Дерево,Левкас,Паволока,Темпера,False,False
dataset\0350.jpg,ХVIII в.,Дерево,Левкас,None,Темпера,False,False
dataset\0351.jpg,XIX в.,Дерево,Левкас,None,Темпера,False,False
dataset\0352.jpg,XVI в.,Дерево,Левкас,Паволока,Темпера,False,False
dataset\0353.jpg,ХVIII в.,Дерево,Левкас,Паволока,Темпера,False,False
dataset\0354.jpg,XVIII в.,Дерево,None,None,Темпера,False,False
dataset\0355.jpg,XVI в.,Дерево,Левкас,Паволока,Темпера,False,False
dataset\0356.jpg,XVII в.,Дерево,Левкас,Паволока,Темпера,False,False
dataset\0357.jpg,ХVIII в.,Дерево,Левкас,None,Темпера,True,False
dataset\0358.jpg,ХVIII в.,Дерево,Левкас,Паволока,Темпера,False,False
dataset\0359.jpg,XV в.,Дерево,Левкас,Позолота,Темпера,False,False
dataset\0360.jpg,XVII в.,Дерево,Левкас,Паволока,Темпера,False,False
dataset\0361.jpg,XX в.,Дерево,Левкас,Позолота,Смешанная,False,True
dataset\0362.jpg,XVI в.,Дерево,Левкас,Паволока,Темпера,False,False
dataset\0363.jpg,XV в.,Дерево,Левкас,Паволока,Темпера,False,False
dataset\0364.jpg,XVI в.,Дерево,Левкас,Позолота,Темпера,False,False
dataset\0365.jpg,XVII в.,Дерево,Левкас,Паволока,Темпера,False,False
dataset\0366.jpg,XIX в.,Дерево,None,None,None,False,False
dataset\0367.jpg,XVIII–XIX в.,Дерево,Левкас,None,Темпера,False,False
dataset\0368.jpg,XVII в.,Дерево,Левкас,Позолота,Темпера,False,False
dataset\0369.jpg,XVI в.,Дерево,Левкас,Паволока,Темпера,False,False
dataset\0370.jpg,XVII в.,Дерево,Левкас,Паволока,Темпера,False,False
dataset\0371.jpg,XVI в.,Дерево,Левкас,Паволока,Темпера,False,False
dataset\0372.jpg,XVI в.,Дерево,Левкас,Позолота,Темпера,False,False
dataset\0373.jpg,XVII в.,Дерево,Левкас,Позолота,Темпера,False,False
dataset\0374.jpg,XVII в.,Дерево,Левкас,Позолота,Темпера,False,False
dataset\0375.jpg,XIX в.,Дерево,Левкас,None,Темпера,False,True
dataset\0376.jpg,XIX в.,Дерево,Левкас,None,Темпера,True,False
dataset\0377.jpg,XVIII в.,Дерево,Левкас,None,Темпера,False,False
dataset\0378.jpg,XVII в.,Дерево,Левкас,Паволока,Темпера,False,False
dataset\0379.jpg,XVI в.,Дерево,Левкас,Паволока,Темпера,False,False
dataset\0380.jpg,XIX в.,Дерево,Левкас,None,Темпера,True,False
dataset\0381.jpg,XVII в.,Дерево,Левкас,Паволока,Темпера,False,False
dataset\0382.jpg,XIX в.,Дерево,Левкас,Позолота,Темпера,False,False
dataset\0383.jpg,XVII в.,Дерево,Левкас,None,Темпера,False,False
dataset\0384.jpg,XVI в.,Дерево,Левкас,Паволока,Темпера,False,False
dataset\0385.jpg,XVI в.,Дерево,Левкас,Паволока,Темпера,False,False
dataset\0386.jpg,XVI в.,Дерево,Левкас,Позолота,Темпера,False,False
dataset\0387.jpg,XVIII в.,Дерево,Левкас,Паволока,Темпера,False,False
dataset\0388.jpg,XIX в.,Дерево,Левкас,None,Темпера,False,False
dataset\0389.jpg,XIX в.,Дерево,Левкас,None,Темпера,False,False
dataset\0390.jpg,XVII в.,Дерево,Левкас,Позолота,Темпера,False,False
dataset\0391.jpg,XVII в.,Дерево,Левкас,Паволока,Темпера,False,False
dataset\0392.jpg,XIX в.,Дерево,Левкас,None,Темпера,False,False
dataset\0393.jpg,XX в.,Дерево,Левкас,None,Темпера,False,False
dataset\0394.jpg,XVIII в.,Дерево,Левкас,Паволока,Темпера,False,False
dataset\0395.jpg,XVI в.,Дерево,Левкас,Паволока,Темпера,False,False
dataset\0396.jpg,XVI в.,Дерево,Левкас,Позолота,Темпера,False,False
dataset\0397.jpg,XVIII в.,Дерево,Левкас,None,Темпера,True,False
dataset\0398.jpg,XVIII в.,Дерево,Левкас,None,Темпера,False,False
dataset\0399.jpg,XVIII в.,Дерево,Левкас,None,Темпера,False,False
dataset\0400.jpg,XX в.,Дерево,Левкас,None,Темпера,False,False
dataset\0401.jpg,XVIII в.,Дерево,Левкас,None,Темпера,False,False
dataset\0402.jpg,XIX в.,Дерево,Левкас,Позолота,Темпера,False,False
dataset\0403.jpg,XVI в.,Дерево,Левкас,None,Темпера,False,False
dataset\0404.jpg,XVII в.,Дерево,Левкас,Паволока,Темпера,False,False
dataset\0405.jpg,XVIII в.,Дерево,Левкас,None,Темпера,False,False
dataset\0406.jpg,XVII в.,Дерево,Левкас,Паволока,Темпера,False,False
dataset\0407.jpg,XIX в.,Дерево,Левкас,Паволока,Темпера,False,False
dataset\0408.jpg,XX в.,Дерево,Левкас,None,Темпера,False,False
dataset\0409.jpg,XVII в.,Дерево,Левкас,Позолота,Темпера,False,True
dataset\0410.jpg,XIX в.,Дерево,None,None,Темпера,False,False
dataset\0411.jpg,XV в.,Дерево,Левкас,Паволока,Темпера,False,False
dataset\0412.jpg,XVII в.,Дерево,Левкас,Паволока,Темпера,False,False
dataset\0413.jpg,XVI в.,Дерево,Левкас,None,Темпера,True,False
dataset\0414.jpg,XIX в.,Дерево,Левкас,Позолота,Темпера,False,False
dataset\0415.jpg,XVIII в.,Дерево,Левкас,None,Темпера,False,False
dataset\0416.jpg,XVII в.,Дерево,Левкас,Паволока,Темпера,False,False
dataset\0417.jpg,XVII в.,Дерево,Левкас,Паволока,Темпера,False,False
dataset\0418.jpg,XVII в.,Дерево,Левкас,None,Темпера,False,True
dataset\0419.jpg,XVIII в.,Дерево,Левкас,None,Темпера,False,False
dataset\0420.jpg,XVIII в.,Дерево,Левкас,None,Темпера,True,False
dataset\0421.jpg,XIX в.,Дерево,Левкас,None,Темпера,False,False
dataset\0422.jpg,XIX в.,Дерево,Левкас,None,Темпера,False,False
dataset\0423.jpg,XVIII в.,Дерево,Левкас,None,Темпера,False,False
dataset\0424.jpg,XVII в.,Дерево,Левкас,Паволока,Темпера,True,False
dataset\0425.jpg,XVIII в.,Дерево,Левкас,None,Темпера,False,False
dataset\0426.jpg,XV в.,Дерево,Левкас,None,Темпера,False,False
dataset\0427.jpg,XVIII в.,Дерево,Левкас,None,Темпера,False,False
dataset\0428.jpg,XIX в.,Дерево,None,None,Смешанная,False,False
dataset\0429.jpg,XVII в.,Дерево,None,None,Темпера,True,False
dataset\0430.jpg,XVI в.,Дерево,Левкас,None,Темпера,True,False
dataset\0431.jpg,XVII в.,Дерево,Левкас,None,Темпера,True,False
dataset\0432.jpg,XVI в.,Дерево,Левкас,Позолота,Темпера,False,False
dataset\0433.jpg,XIX в.,Дерево,Левкас,None,Темпера,False,True
dataset\0434.jpg,XIX в.,Дерево,Левкас,Паволока,Темпера,False,False
dataset\0435.jpg,XVIII в.,Дерево,Левкас,None,Темпера,False,False
dataset\0436.jpg,XX в.,Дерево,Левкас,None,Темпера,False,False
dataset\0437.jpg,XVII в.,Дерево,Левкас,None,Темпера,True,False
dataset\0438.jpg,XIX в.,Дерево,Левкас,None,Темпера,False,False
dataset\0439.jpg,XVI в.,Дерево,Левкас,Паволока,Темпера,False,False
dataset\0440.jpg,XIX в.,Дерево,Левкас,Паволока,Темпера,False,False
dataset\0441.jpg,XVIII в.,Дерево,Левкас,None,Темпера,False,True
dataset\0442.jpg,XIX в.,Дерево,Левкас,None,Темпера,False,False
dataset\0443.jpg,XIX в.,Дерево,Левкас,None,Темпера,False,False
dataset\0444.jpg,XIV в.,Дерево,Левкас,None,Темпера,False,False
dataset\0445.jpg,XVI в.,Дерево,Левкас,Позолота,Темпера,False,False
dataset\0446.jpg,XIX в.,Дерево,Левкас,None,Темпера,True,False
dataset\0447.jpg,XIX в.,Дерево,Левкас,None,Темпера,False,False
dataset\0448.jpg,XV в.,Дерево,Левкас,Паволока,Темпера,False,False
dataset\0449.jpg,XIX в.,Дерево,Левкас,Паволока,Темпера,False,False
dataset\0450.jpg,XVIII в.,Дерево,Левкас,None,Темпера,False,False
dataset\0451.jpg,XVI в.,Дерево,Левкас,Паволока,Темпера,False,False
dataset\0452.jpg,XIX в.,Дерево,Левкас,None,Темпера,False,False
dataset\0453.jpg,XVIII в.,Дерево,Левкас,Паволока,Темпера,False,False
dataset\0454.jpg,XVII в.,Дерево,Левкас,Позолота,Темпера,True,False
dataset\0455.jpg,XVIII в.,Дерево,Левкас,None,Темпера,False,False
dataset\0456.jpg,XVI в.,Дерево,Левкас,Позолота,Темпера,False,False
dataset\0457.jpg,XIX в.,Дерево,Левкас,None,Темпера,False,False
dataset\0458.jpg,XVI в.,Дерево,Левкас,Позолота,Темпера,False,True
dataset\0459.jpg,XVII в.,Дерево,Левкас,Паволока,Темпера,False,False
dataset\0460.jpg,XVI в.,Дерево,Левкас,Паволока,Темпера,False,True
dataset\0461.jpg,XX в.,Дерево,Левкас,None,Темпера,False,False
dataset\0462.jpg,XVI в.,Дерево,Левкас,Паволока,Темпера,False,False
dataset\0463.jpg,XVI в.,Дерево,Левкас,Паволока,Темпера,False,False
dataset\0464.jpg,XVII в.,Дерево,Левкас,Паволока,Темпера,False,False
dataset\0465.jpg,XVII в.,Дерево,Левкас,Позолота,Темпера,False,False
dataset\0466.jpg,XV в.,Дерево,Левкас,Паволока,Темпера,False,False
dataset\0467.jpg,XIX в.,Дерево,Левкас,None,Темпера,False,False
dataset\0468.jpg,XVII в.,Дерево,Левкас,Паволока,Темпера,False,False
dataset\0469.jpg,XIX в.,Серебро,Эмаль,None,Смешанная,False,True
dataset\0470.jpg,XX в.,Дерево,Левкас,Паволока,Темпера,False,False
dataset\0471.jpg,XVII в.,Дерево,None,None,None,False,True
dataset\0472.jpg,XVIII в.,Дерево,None,None,Темпера,False,False
dataset\0473.jpg,XV в.,Дерево,None,None,Темпера,False,False
dataset\0474.jpg,XV в.,Дерево,None,None,Темпера,False,False
dataset\0475.jpg,XX в.,Дерево,None,Позолота,Темпера,False,False
dataset\0476.jpg,XVII в.,Дерево,None,None,Темпера,False,False
dataset\0477.jpg,XVIII в.,Дерево,None,None,Темпера,False,False
dataset\0478.jpg,XV в.,Дерево,None,None,Темпера,False,False
dataset\0479.jpg,XV в.,Дерево,None,None,Темпера,False,False
dataset\0480.jpg,XVIII в.,Дерево,None,None,Темпера,True,False
dataset\0481.jpg,XVII в.,Дерево,Эмаль,Позолота,Темпера,False,True
dataset\0482.jpg,XV в.,Дерево,None,None,Темпера,False,False
dataset\0483.jpg,XVIII в.,Дерево,None,None,Темпера,False,False
dataset\0484.jpg,XVII в.,Дерево,None,None,Темпера,False,False
dataset\0485.jpg,XVII в.,Дерево,None,None,Темпера,False,True
dataset\0486.jpg,XVII в.,Дерево,None,None,Темпера,False,False
dataset\0487.jpg,XVII в.,Дерево,None,None,Темпера,False,False
dataset\0488.jpg,XVII в.,Дерево,None,None,Темпера,False,False
dataset\0489.jpg,XVIII в.,Дерево,None,None,Темпера,False,False
dataset\0490.jpg,XVII в.,Дерево,None,None,Темпера,False,False
dataset\0491.jpg,XX в.,Дерево,None,None,Темпера,False,False
dataset\0492.jpg,XVI в.,Дерево,Левкас,None,Темпера,True,False
dataset\0493.jpg,XV в.,Дерево,None,None,Темпера,False,False
dataset\0494.jpg,XV в.,Дерево,None,None,Темпера,False,False
dataset\0495.jpg,XVIII в.,Дерево,None,None,Темпера,False,False
dataset\0496.jpg,XVI в.,Дерево,None,None,Темпера,False,False
dataset\0497.jpg,XVIII–XIX в.,Дерево,None,None,Темпера,False,False
dataset\0498.jpg,XVIII в.,Дерево,None,None,Темпера,False,False
dataset\0499.jpg,XVI в.,Серебро,None,Позолота,Темпера,False,False
dataset\0500.jpg,XVII в.,Дерево,None,None,Темпера,False,False
dataset\0501.jpg,XV в.,Дерево,None,None,Темпера,False,False
dataset\0502.jpg,XIX в.,Дерево,None,None,Резьба,False,False
dataset\0503.jpg,XVII в.,Дерево,None,None,Темпера,False,False
dataset\0504.jpg,XVII в.,Дерево,None,None,Темпера,False,False
dataset\0505.jpg,XVIII в.,Дерево,None,None,Темпера,False,False
dataset\0506.jpg,XVII в.,Дерево,None,None,Темпера,False,False
dataset\0507.jpg,XVIII в.,Дерево,None,None,Темпера,False,False
dataset\0508.jpg,XVII в.,Дерево,None,None,,False,False
dataset\0509.jpg,XV в.,Дерево,None,None,Темпера,False,False
dataset\0510.jpg,XVIII в.,Дерево,None,None,Темпера,False,False
dataset\0511.jpg,XVI в.,Дерево,None,None,Темпера,False,False
dataset\0512.jpg,XV в.,Дерево,None,None,Темпера,False,False
dataset\0513.jpg,XVIII в.,Дерево,None,None,Темпера,False,False
dataset\0514.jpg,XVII в.,Дерево,None,None,Темпера,False,False
dataset\0515.jpg,XVII в.,Дерево,None,None,Темпера,False,False
dataset\0516.jpg,XVI в.,Дерево,None,None,Темпера,False,False
dataset\0517.jpg,XVII в.,Дерево,None,None,Темпера,False,False
dataset\0518.jpg,XVII в.,Дерево,None,None,Темпера,False,False
dataset\0519.jpg,XVII в.,Дерево,None,None,Темпера,False,False
dataset\0520.jpg,XVII в.,Дерево,None,None,Темпера,False,False
dataset\0521.jpg,XVII в.,Дерево,None,None,Темпера,False,False
dataset\0522.jpg,XVII в.,Дерево,None,None,Темпера,False,False
dataset\0523.jpg,XVI в.,Дерево,None,None,Темпера,False,False
dataset\0524.jpg,XV в.,Дерево,None,None,Темпера,False,False
dataset\0525.jpg,XV в.,Дерево,None,None,Темпера,False,False
dataset\0526.jpg,XVIII в.,Дерево,None,None,Темпера,False,False
dataset\0527.jpg,XVII в.,Дерево,None,None,Темпера,False,False
dataset\0528.jpg,XIV в.,Дерево,None,None,Темпера,False,False
dataset\0529.jpg,XV в.,Дерево,None,None,Темпера,False,False
dataset\0530.jpg,XVII в.,Дерево,None,None,Темпера,False,False
dataset\0531.jpg,XV в.,Дерево,None,None,Темпера,False,False
dataset\0532.jpg,XIX в.,Дерево,None,None,Темпера,False,False
dataset\0533.jpg,XV в.,Дерево,None,None,Темпера,False,False
dataset\0534.jpg,XVI в.,Дерево,None,None,Темпера,False,False
dataset\0535.jpg,XV в.,Дерево,None,None,Темпера,False,False
dataset\0536.jpg,XV в.,Дерево,None,None,Темпера,False,False
dataset\0537.jpg,XVII в.,Дерево,None,None,Темпера,False,False
dataset\0538.jpg,XVII в.,Дерево,None,None,Темпера,False,False
dataset\0539.jpg,XIX в.,Дерево,None,None,Темпера,False,False
dataset\0540.jpg,XVII в.,Дерево,None,Позолота,Темпера,False,False
dataset\0541.jpg,XVII в.,Дерево,None,Позолота,Темпера,False,False
dataset\0542.jpg,XVII в.,Дерево,None,Позолота,Темпера,False,False
dataset\0543.jpg,XVII в.,Дерево,None,Позолота,Темпера,False,False
dataset\0544.jpg,XVII в.,Дерево,None,Позолота,Темпера,False,False
dataset\0545.jpg,XVIII в.,Дерево,None,None,Темпера,False,False
dataset\0546.jpg,XVII в.,Дерево,None,Позолота,Темпера,False,False
dataset\0547.jpg,XVII в.,Дерево,None,Позолота,Темпера,False,False
dataset\0548.jpg,XVII в.,Дерево,None,Позолота,Темпера,False,False
dataset\0549.jpg,XIX в.,Дерево,None,None,Темпера,False,False
dataset\0550.jpg,XVII в.,Дерево,None,None,Темпера,False,False
dataset\0551.jpg,XVIII в.,Дерево,None,None,Темпера,False,False
dataset\0552.jpg,XVIII в.,Дерево,None,None,Темпера,False,False
dataset\0553.jpg,XVII в.,Дерево,None,None,Темпера,False,False
dataset\0554.jpg,XVII в.,Дерево,None,Позолота,Темпера,False,False
dataset\0555.jpg,XVI в.,Дерево,None,None,Темпера,True,False
dataset\0556.jpg,XVI в.,Дерево,None,None,Темпера,False,False
dataset\0557.jpg,XVIII в.,Дерево,None,None,Темпера,False,False
dataset\0558.jpg,XVIII в.,Дерево,None,None,Темпера,False,False
dataset\0559.jpg,XVII в.,Дерево,None,Позолота,Темпера,False,True
dataset\0560.jpg,XX в.,Дерево,None,None,Темпера,False,False
dataset\0561.jpg,XVIII в.,Дерево,None,None,Темпера,False,False
dataset\0562.jpg,XIX в.,Дерево,None,None,Темпера,False,False
dataset\0563.jpg,XVIII в.,Дерево,None,None,Масло,False,False
dataset\0564.jpg,XVI в.,Дерево,None,None,Темпера,False,False
dataset\0565.jpg,XVII в.,Дерево,None,Позолота,Темпера,False,False
dataset\0566.jpg,XVIII–XIX в.,Дерево,None,None,Темпера,False,False
dataset\0567.jpg,XVIII в.,Дерево,None,Позолота,Темпера,False,True
dataset\0568.jpg,XVIII в.,Дерево,None,Позолота,Темпера,False,False
dataset\0569.jpg,XVII в.,Дерево,None,None,Темпера,False,False
dataset\0570.jpg,XVII в.,Дерево,None,Позолота,Темпера,False,False
dataset\0571.jpg,XIX в.,Дерево,None,None,Темпера,False,False
dataset\0572.jpg,XIX в.,Дерево,None,None,Темпера,False,False
dataset\0573.jpg,XVIII в.,Дерево,None,Позолота,Темпера,False,True
dataset\0574.jpg,XVIII в.,Дерево,None,None,Темпера,False,False
dataset\0575.jpg,XIX в.,Дерево,None,None,Темпера,False,True
dataset\0576.jpg,XVIII в.,Дерево,None,None,Темпера,False,True
dataset\0577.jpg,XVII в.,Дерево,None,None,Темпера,False,False
dataset\0578.jpg,XVI в.,Дерево,None,None,Темпера,False,False
dataset\0579.jpg,XVII в.,Дерево,None,None,Темпера,False,False
dataset\0580.jpg,XVII–XVIII в.,Дерево,None,None,Темпера,False,False
dataset\0581.jpg,XIX в.,Дерево,None,None,Смешанная,False,False
dataset\0582.jpg,XVIII в.,Дерево,None,None,Темпера,False,False
dataset\0583.jpg,XVIII в.,Дерево,None,None,Темпера,True,False
dataset\0584.jpg,XVIII в.,Дерево,None,None,Темпера,False,False
dataset\0585.jpg,XIX в.,Дерево,None,None,Темпера,False,False
dataset\0586.jpg,XIX в.,Дерево,None,None,Темпера,False,False
dataset\0587.jpg,XVIII в.,Дерево,None,Позолота,Темпера,False,True
dataset\0588.jpg,XV в.,Дерево,None,None,Темпера,False,False
dataset\0589.jpg,XV в.,Дерево,None,None,Темпера,False,False
dataset\0590.jpg,XVII в.,Дерево,None,None,Темпера,False,False
dataset\0591.jpg,XVI в.,Дерево,None,None,Темпера,False,False
dataset\0592.jpg,XVII в.,Дерево,None,None,Темпера,False,False
dataset\0593.jpg,XIX в.,Дерево,None,None,Темпера,False,False
dataset\0594.jpg,XVIII в.,Дерево,None,None,Темпера,False,False
dataset\0595.jpg,XVI в.,Дерево,None,None,Темпера,True,False
dataset\0596.jpg,XVI в.,Дерево,Левкас,None,Темпера,False,False
dataset\0597.jpg,XX в.,Дерево,Посеребренье,None,Масло,False,False
dataset\0598.jpg,XVIII в.,Дерево,None,None,Темпера,False,False
dataset\0599.jpg,XVIII в.,Дерево,None,None,Темпера,False,False
dataset\0600.jpg,XVII в.,Дерево,None,None,Темпера,False,False
dataset\0601.jpg,XVIII–XIX в.,Дерево,None,None,Темпера,False,False
dataset\0602.jpg,XVIII в.,Дерево,None,None,Темпера,False,False
dataset\0603.jpg,XVIII в.,Дерево,None,None,Темпера,False,False
dataset\0604.jpg,XVII в.,Дерево,None,None,Темпера,True,False
dataset\0605.jpg,XVIII–XIX в.,Дерево,None,None,Темпера,False,False
dataset\0606.jpg,XVIII в.,Дерево,None,None,Темпера,False,False
dataset\0607.jpg,XVII в.,Дерево,None,Позолота,Темпера,False,False
dataset\0608.jpg,XVII в.,Дерево,None,Позолота,Темпера,False,False
dataset\0609.jpg,XVII в.,Дерево,None,Позолота,Темпера,False,False
dataset\0610.jpg,XX в.,Дерево,None,None,Темпера,False,False
dataset\0611.jpg,XVII в.,Дерево,None,None,Темпера,False,False
dataset\0612.jpg,XVIII в.,Дерево,None,None,Темпера,False,False
dataset\0613.jpg,XIX в.,Дерево,Левкас,Позолота,Темпера,False,False
dataset\0614.jpg,XIX в.,Дерево,None,None,Темпера,True,False
dataset\0615.jpg,XVII в.,Дерево,None,Позолота,Темпера,False,False
dataset\0616.jpg,XVIII в.,Дерево,None,None,Темпера,False,False
dataset\0617.jpg,XVI в.,Дерево,None,None,Темпера,False,False
dataset\0618.jpg,XVIII–XIX в.,Дерево,None,None,Темпера,False,False
dataset\0619.jpg,XIX в.,Дерево,Эмаль,Позолота,Масло,False,False
dataset\0620.jpg,XIX в.,Дерево,None,None,Темпера,False,False
dataset\0621.jpg,XVIII в.,Дерево,None,None,Темпера,False,False
dataset\0622.jpg,XVIII–XIX в.,Дерево,None,None,Темпера,True,False
dataset\0623.jpg,XIX в.,Дерево,None,None,Темпера,True,False
dataset\0624.jpg,XVIII в.,Дерево,None,None,Темпера,False,False
dataset\0625.jpg,XVIII в.,Дерево,None,Позолота,Темпера,False,False
dataset\0626.jpg,XVII в.,Дерево,None,None,Темпера,False,False
dataset\0627.jpg,XVII в.,Дерево,None,None,Темпера,True,False
dataset\0628.jpg,XVIII в.,Дерево,None,None,Темпера,True,False
dataset\0629.jpg,XVI в.,Дерево,None,None,Темпера,True,False
dataset\0630.jpg,XVIII в.,Дерево,None,None,Темпера,False,False
dataset\0631.jpg,XVIII в.,Дерево,Посеребренье,Позолота,Темпера,False,False
dataset\0632.jpg,XV в.,Дерево,None,None,Темпера,False,False
dataset\0633.jpg,XVII–XVIII в.,Дерево,None,None,Темпера,False,False
dataset\0634.jpg,XVI–XVII в.,Дерево,None,None,Темпера,False,False
dataset\0635.jpg,XIX в.,Дерево,None,None,Темпера,False,False
dataset\0636.jpg,XVI в.,Дерево,None,None,Темпера,False,False
dataset\0637.jpg,XVII в.,Дерево,None,None,Темпера,False,False
dataset\0638.jpg,XVII в.,Дерево,None,None,Темпера,False,False
dataset\0639.jpg,XVIII в.,Дерево,None,None,Темпера,False,False
dataset\0640.jpg,XVIII в.,Дерево,None,None,Темпера,False,False
dataset\0641.jpg,XVII в.,Дерево,None,None,Темпера,False,False
dataset\0642.jpg,XVIII в.,Дерево,None,None,Темпера,False,False
dataset\0643.jpg,XVIII в.,Дерево,None,None,Темпера,False,False
dataset\0644.jpg,XVII в.,Дерево,None,Позолота,Темпера,False,False
dataset\0645.jpg,XVIII–XIX в.,Дерево,None,None,Темпера,False,False
dataset\0646.jpg,XVII в.,Дерево,None,None,Темпера,False,False
dataset\0647.jpg,XVI в.,Дерево,None,None,Темпера,False,False
dataset\0648.jpg,XVIII в.,Дерево,None,None,Темпера,False,False
dataset\0649.jpg,XVII в.,Дерево,None,Позолота,Темпера,False,True
dataset\0650.jpg,XVII в.,Дерево,None,None,Темпера,False,False
dataset\0651.jpg,XIX в.,Дерево,None,None,Темпера,False,False
dataset\0652.jpg,XVIII–XIX в.,Дерево,None,None,Темпера,False,False
dataset\0653.jpg,XIX в.,Дерево,None,None,Темпера,False,False
dataset\0654.jpg,XVIII в.,Дерево,None,None,Темпера,False,False
dataset\0655.jpg,XVII в.,Дерево,None,None,Темпера,False,False
dataset\0656.jpg,XIX в.,Дерево,None,None,Смешанная,True,False
dataset\0657.jpg,XVII в.,Дерево,None,None,Темпера,False,False
dataset\0658.jpg,XVII в.,Дерево,None,Позолота,Темпера,False,True
dataset\0659.jpg,XVI в.,Дерево,None,None,Темпера,True,False
dataset\0660.jpg,XVII в.,Дерево,None,Позолота,Темпера,False,False
dataset\0661.jpg,XVIII в.,Дерево,None,None,Темпера,False,False
dataset\0662.jpg,XVIII в.,Дерево,None,None,Темпера,False,False
dataset\0663.jpg,XVII в.,Дерево,None,None,Темпера,False,False
dataset\0664.jpg,XVII в.,Дерево,None,None,Темпера,False,False
dataset\0665.jpg,XVII в.,Дерево,None,None,Темпера,False,False
dataset\0666.jpg,XVII в.,Дерево,None,None,Темпера,False,False
dataset\0667.jpg,XVIII в.,Дерево,None,None,Темпера,False,False
dataset\0668.jpg,XVII в.,Дерево,None,None,Темпера,False,False
dataset\0669.jpg,XVIII в.,Дерево,None,None,Темпера,False,False
dataset\0670.jpg,XVII в.,Дерево,None,Позолота,Темпера,False,False
dataset\0671.jpg,XVIII в.,Дерево,None,None,Темпера,False,False
dataset\0672.jpg,XVII в.,Дерево,None,None,Темпера,False,False
dataset\0673.jpg,XVII в.,Дерево,None,None,Темпера,False,False
dataset\0674.jpg,XVIII–XIX в.,Дерево,None,None,Темпера,False,False
dataset\0675.jpg,XVIII в.,Дерево,None,None,Темпера,False,False
dataset\0676.jpg,XIX в.,Дерево,None,None,Темпера,False,False
dataset\0677.jpg,XVII в.,Дерево,None,None,Темпера,False,False
dataset\0678.jpg,XIX в.,Дерево,None,None,Темпера,False,False
dataset\0679.jpg,XVII в.,Дерево,None,Позолота,Темпера,False,False
dataset\0680.jpg,XVI–XVII в.,Дерево,Левкас,Позолота,Темпера,False,False
dataset\0681.jpg,XVII в.,Дерево,None,None,Темпера,False,False
dataset\0682.jpg,XVIII в.,Дерево,None,None,Темпера,False,False
dataset\0683.jpg,XVIII в.,Дерево,None,None,Темпера,False,False
dataset\0684.jpg,XIX–XX в.,Дерево,None,None,Темпера,False,False
dataset\0685.jpg,XVII–XVIII в.,Дерево,None,None,Темпера,False,False
dataset\0686.jpg,XIX в.,Дерево,None,None,Темпера,False,False
dataset\0687.jpg,XIX в.,Дерево,None,None,Темпера,False,False
dataset\0688.jpg,XVII–XVIII в.,Дерево,None,None,Темпера,False,False
dataset\0689.jpg,XVIII в.,Дерево,None,None,Темпера,False,False
dataset\0690.jpg,XVII в.,Дерево,None,None,Темпера,False,False
dataset\0691.jpg,XVII в.,Дерево,None,None,Темпера,True,False
dataset\0692.jpg,XVII в.,Дерево,None,None,Темпера,False,False
dataset\0693.jpg,XX в.,Дерево,Левкас,Позолота,Темпера,False,False
dataset\0694.jpg,XVII в.,Дерево,None,None,Темпера,False,False
dataset\0695.jpg,XVIII в.,Дерево,None,None,Темпера,False,False
dataset\0696.jpg,XVI в.,Дерево,None,None,Темпера,False,True
dataset\0697.jpg,XVI в.,Дерево,None,None,Темпера,False,False
dataset\0698.jpg,XVII в.,Дерево,None,Позолота,Темпера,False,False
dataset\0699.jpg,XVII в.,Дерево,None,Позолота,Темпера,False,False
dataset\0700.jpg,XVIII в.,Дерево,None,None,Темпера,False,False
dataset\0701.jpg,XVII в.,Дерево,None,None,Темпера,False,False
dataset\0702.jpg,XV в.,Дерево,None,None,Темпера,False,False
dataset\0703.jpg,XV в.,Дерево,None,None,Темпера,False,False
dataset\0704.jpg,XVII в.,Дерево,None,None,Темпера,False,False
dataset\0705.jpg,XVIII в.,Дерево,None,None,Темпера,False,False
dataset\0706.jpg,XVII в.,Дерево,None,Позолота,Темпера,False,False
dataset\0707.jpg,XVIII в.,Дерево,None,None,Темпера,False,True
dataset\0708.jpg,XVII в.,Дерево,None,None,Темпера,False,False
dataset\0709.jpg,XIX в.,Дерево,None,None,Темпера,False,False
dataset\0710.jpg,XVIII в.,Дерево,None,Позолота,Темпера,False,True
dataset\0711.jpg,XVII в.,Дерево,None,None,Темпера,False,False
dataset\0712.jpg,XVII в.,Дерево,None,None,Темпера,False,False
dataset\0713.jpg,XVII в.,Дерево,None,None,Темпера,False,False
dataset\0714.jpg,XVII в.,Дерево,None,None,Темпера,False,False
dataset\0715.jpg,XVIII в.,Дерево,None,None,Темпера,False,False
dataset\0716.jpg,XVII в.,Дерево,None,None,Темпера,False,False
dataset\0717.jpg,XVIII–XIX в.,Дерево,None,None,Темпера,False,False
dataset\0718.jpg,XVIII в.,Дерево,None,None,Темпера,False,False
dataset\0719.jpg,XVII в.,Дерево,None,None,Темпера,False,False
dataset\0720.jpg,XVIII в.,Дерево,None,None,Темпера,False,False
dataset\0721.jpg,XVII в.,Дерево,None,None,Темпера,False,False
dataset\0722.jpg,XVIII в.,Дерево,None,None,Темпера,False,False
dataset\0723.jpg,XVII в.,Дерево,None,Позолота,Темпера,False,False
dataset\0724.jpg,XIX в.,Дерево,None,None,Темпера,False,False
dataset\0725.jpg,XVII в.,Дерево,None,Позолота,Темпера,False,False
dataset\0726.jpg,XVIII в.,Дерево,None,None,Темпера,False,False
dataset\0727.jpg,XVII в.,Дерево,None,None,Темпера,False,False
dataset\0728.jpg,XVII в.,Дерево,None,None,Темпера,True,False
dataset\0729.jpg,XVII в.,Дерево,None,None,Темпера,False,True
dataset\0730.jpg,XVII в.,Дерево,None,Позолота,Темпера,False,False
dataset\0731.jpg,XVIII в.,Дерево,None,None,Темпера,False,False
dataset\0732.jpg,XVII в.,Дерево,None,None,Темпера,False,False
dataset\0733.jpg,XIX в.,Дерево,None,None,Темпера,False,False
dataset\0734.jpg,XVII в.,Дерево,None,None,Темпера,False,False
dataset\0735.jpg,XVII в.,Дерево,None,Позолота,Темпера,False,False
dataset\0736.jpg,XVII в.,Дерево,None,None,Темпера,False,False
dataset\0737.jpg,XVII в.,Дерево,None,Позолота,Темпера,False,False
dataset\0738.jpg,XVIII–XIX в.,Дерево,None,None,Темпера,False,False
dataset\0739.jpg,XVII в.,Дерево,None,Позолота,Темпера,False,False
dataset\0740.jpg,XIX в.,Дерево,None,None,Темпера,False,False
dataset\0741.jpg,XVIII–XIX в.,Дерево,None,None,Темпера,False,False
dataset\0742.jpg,XVII в.,Дерево,None,Позолота,Темпера,False,False
dataset\0743.jpg,XVII в.,Дерево,None,None,Темпера,False,False
dataset\0744.jpg,XVIII в.,Дерево,None,None,Масло,False,False
dataset\0745.jpg,XVII в.,Дерево,None,None,Темпера,False,False
dataset\0746.jpg,XVII в.,Дерево,None,Позолота,Темпера,False,False
dataset\0747.jpg,XVII в.,Дерево,None,None,Темпера,False,False
dataset\0748.jpg,XX в.,Дерево,None,None,Темпера,False,False
dataset\0749.jpg,XVIII в.,Дерево,None,None,Темпера,False,False
dataset\0750.jpg,XIV в.,Дерево,None,None,Темпера,False,False
dataset\0751.jpg,XVII в.,Дерево,None,None,Темпера,False,False
dataset\0752.jpg,XVII в.,Дерево,None,None,Темпера,False,False
dataset\0753.jpg,XVII в.,Дерево,Посеребренье,None,Темпера,False,True
dataset\0754.jpg,XVII в.,Дерево,None,None,Темпера,False,False
dataset\0755.jpg,XVIII в.,Дерево,None,None,Темпера,False,False
dataset\0756.jpg,XVI в.,Дерево,Эмаль,Позолота,Темпера,False,True
dataset\0757.jpg,XIX в.,Дерево,Левкас,Позолота,Темпера,False,True
dataset\0758.jpg,XVII в.,Дерево,None,None,Темпера,False,False
dataset\0759.jpg,XVII в.,Дерево,None,None,Темпера,False,False
dataset\0760.jpg,XVI в.,Дерево,None,None,Темпера,False,False
dataset\0761.jpg,XVII в.,Дерево,None,None,Темпера,False,False
dataset\0762.jpg,XIX в.,Дерево,Посеребренье,Позолота,Темпера,False,True
dataset\0763.jpg,XVIII в.,Дерево,None,None,Темпера,False,False
dataset\0764.jpg,XVII в.,Дерево,None,None,Темпера,False,False
dataset\0765.jpg,XVI в.,Дерево,None,None,Темпера,False,False
dataset\0766.jpg,XVIII в.,Дерево,None,None,Темпера,False,False
dataset\0767.jpg,XVII в.,Дерево,None,None,Темпера,False,False
dataset\0768.jpg,XVI–XVII в.,Дерево,None,None,Темпера,False,False
dataset\0769.jpg,XVII в.,Дерево,None,Позолота,Темпера,True,False
dataset\0770.jpg,XVI в.,Дерево,None,Позолота,Темпера,False,True
dataset\0771.jpg,XVII в.,Дерево,None,None,Темпера,False,False
dataset\0772.jpg,XVII в.,Дерево,None,None,Темпера,False,False
dataset\0773.jpg,XVII в.,Дерево,None,Позолота,Темпера,False,False
dataset\0774.jpg,XVII в.,Дерево,None,None,Темпера,False,False
dataset\0775.jpg,XVII в.,Дерево,None,None,Темпера,False,False
dataset\0776.jpg,XVII в.,Дерево,None,Позолота,Темпера,False,False
dataset\0777.jpg,XVII в.,Дерево,None,None,Темпера,False,False
dataset\0778.jpg,XVII в.,Дерево,None,None,Темпера,False,False
dataset\0779.jpg,XVII в.,Дерево,None,None,Темпера,False,False
dataset\0780.jpg,XIX в.,Дерево,None,None,Темпера,False,True
dataset\0781.jpg,XVIII в.,Дерево,None,None,Темпера,False,False
dataset\0782.jpg,XVI в.,Дерево,None,None,Темпера,False,False
dataset\0783.jpg,XVI в.,Дерево,None,None,Темпера,False,False
dataset\0784.jpg,XVIII в.,Дерево,None,None,Темпера,False,False
dataset\0785.jpg,XVIII в.,Дерево,None,None,Темпера,False,False
dataset\0786.jpg,XVI в.,Дерево,None,None,Темпера,False,False
dataset\0787.jpg,XVII в.,Дерево,None,None,Темпера,False,False
dataset\0788.jpg,XVII в.,Дерево,None,None,Темпера,False,False
dataset\0789.jpg,XVII в.,Дерево,None,None,Темпера,False,False
dataset\0790.jpg,XVII в.,Дерево,Левкас,None,Темпера,True,False
dataset\0791.jpg,XV в.,Дерево,None,None,Темпера,False,False
dataset\0792.jpg,XVII в.,Дерево,Посеребренье,Позолота,Темпера,False,False
dataset\0793.jpg,XVII в.,Дерево,None,None,Темпера,False,False
dataset\0794.jpg,XVII в.,Дерево,None,None,Темпера,False,False
dataset\0795.jpg,XIX в.,Дерево,None,None,Масло,False,False
dataset\0796.jpg,XIV в.,Дерево,None,None,Темпера,False,False
dataset\0797.jpg,XIII в.,Дерево,None,None,Темпера,False,False
dataset\0798.jpg,XVI в.,Дерево,None,None,Темпера,False,False
dataset\0799.jpg,XVII в.,Дерево,None,None,Темпера,False,False
dataset\0800.jpg,XV в.,Дерево,None,None,Темпера,False,False
dataset\0801.jpg,XIX в.,Дерево,None,None,Темпера,False,False
dataset\0802.jpg,XVII в.,Дерево,None,None,Темпера,False,False
dataset\0803.jpg,XVI в.,Дерево,Посеребренье,None,Темпера,False,True
dataset\0804.jpg,XV в.,Дерево,None,None,Темпера,False,False
dataset\0805.jpg,XVI в.,Дерево,None,None,Темпера,True,False
dataset\0806.jpg,XVIII в.,Дерево,None,None,Темпера,True,False
dataset\0807.jpg,XVI в.,Дерево,None,None,Темпера,False,False
dataset\0808.jpg,XVI в.,Дерево,Посеребренье,Позолота,Темпера,False,False
dataset\0809.jpg,XIX–XX в.,Дерево,Левкас,Позолота,Темпера,True,False
dataset\0810.jpg,XVII в.,Дерево,None,None,Темпера,False,False
dataset\0811.jpg,XVIII–XIX в.,Дерево,None,None,Темпера,False,False
dataset\0812.jpg,XIX в.,Дерево,None,None,Темпера,False,False
dataset\0813.jpg,XIX в.,Дерево,None,None,Темпера,False,False
dataset\0814.jpg,XIX в.,Дерево,None,None,Темпера,False,False
dataset\0815.jpg,XVI в.,Дерево,None,None,Темпера,True,False
dataset\0816.jpg,XVII в.,Дерево,Посеребренье,Позолота,Темпера,False,True
dataset\0817.jpg,XVII в.,Дерево,None,None,Темпера,False,False
dataset\0818.jpg,XVI в.,Дерево,None,None,Темпера,False,False
dataset\0819.jpg,XVII в.,Дерево,Посеребренье,Позолота,Темпера,False,False
dataset\0820.jpg,XV в.,Дерево,None,None,Темпера,False,False
dataset\0821.jpg,XVI в.,Дерево,None,None,Темпера,False,False
dataset\0822.jpg,XV в.,Дерево,None,None,Темпера,False,False
dataset\0823.jpg,XVII в.,Дерево,None,None,Темпера,True,False
dataset\0824.jpg,XVII в.,Дерево,None,None,Темпера,False,False
dataset\0825.jpg,XVI в.,Дерево,None,None,Темпера,False,False
dataset\0826.jpg,XVI в.,Дерево,Левкас,None,Темпера,False,False
dataset\0827.jpg,XV в.,Дерево,Левкас,None,Темпера,False,False
dataset\0828.jpg,XVIII в.,Дерево,Левкас,Паволока,Темпера,True,False
dataset\0829.jpg,XII в.,Дерево,Левкас,None,Темпера,False,False
dataset\0830.jpg,XIV в.,Дерево,Левкас,None,Темпера,False,False
dataset\0831.jpg,XIV в.,Дерево,Левкас,None,Темпера,False,False
dataset\0832.jpg,XV в.,Дерево,Левкас,None,Темпера,False,False
dataset\0833.jpg,XIII в.,Дерево,Левкас,None,Темпера,False,False
dataset\0834.jpg,XVI в.,Дерево,Левкас,None,Темпера,True,False
dataset\0835.jpg,XV в.,Дерево,Левкас,None,Темпера,False,False
dataset\0836.jpg,XIV в.,Дерево,Левкас,None,Темпера,True,False
dataset\0837.jpg,XVI в.,Дерево,Левкас,None,Темпера,True,False
dataset\0838.jpg,XV в.,Дерево,Левкас,None,Темпера,False,False
dataset\0839.jpg,XV в.,Дерево,None,None,Темпера,False,False
dataset\0840.jpg,XV в.,Дерево,Левкас,None,Темпера,False,False
dataset\0841.jpg,XVI в.,Дерево,Левкас,None,Темпера,False,False
dataset\0842.jpg,XV в.,Дерево,Левкас,None,Темпера,False,False
dataset\0843.jpg,XVII в.,Дерево,Левкас,None,Темпера,False,False
dataset\0844.jpg,XV в.,Дерево,Левкас,None,Темпера,False,False
dataset\0845.jpg,XIV в.,Дерево,Левкас,None,Темпера,False,False
dataset\0846.jpg,XIII в.,Дерево,Левкас,None,Темпера,False,False
dataset\0847.jpg,XIV в.,Дерево,Левкас,Паволока,Темпера,False,True
dataset\0848.jpg,XIII в.,Дерево,None,None,Темпера,False,False
dataset\0849.jpg,XIV в.,Дерево,Левкас,None,Темпера,False,False
dataset\0850.jpg,XIV в.,Дерево,Левкас,Паволока,Темпера,True,False
dataset\0851.jpg,XIV в.,Дерево,Левкас,Паволока,Темпера,False,False
dataset\0852.jpg,XV в.,Дерево,Левкас,None,Темпера,False,False
dataset\0853.jpg,XVI в.,Дерево,Левкас,None,Темпера,False,False
dataset\0854.jpg,XVI в.,Дерево,Левкас,Паволока,Темпера,False,False
dataset\0855.jpg,XVI в.,Дерево,Левкас,Паволока,Темпера,False,False
dataset\0856.jpg,XV в.,Дерево,Левкас,None,Темпера,False,False
dataset\0857.jpg,XV в.,Дерево,Левкас,None,Темпера,False,False
dataset\0858.jpg,XV в.,Дерево,Левкас,None,Темпера,False,False
dataset\0859.jpg,XVII в.,Дерево,Левкас,None,Темпера,False,False
dataset\0860.jpg,XVII в.,Дерево,Левкас,None,Темпера,False,False
dataset\0861.jpg,XVI в.,Дерево,Левкас,None,Темпера,True,False
dataset\0862.jpg,XVI в.,Дерево,Левкас,Паволока,Темпера,False,False
dataset\0863.jpg,XV в.,Дерево,Левкас,None,Темпера,False,False
dataset\0864.jpg,XVI в.,Дерево,Левкас,Паволока,Темпера,False,False
dataset\0865.jpg,XVIII в.,Дерево,Левкас,None,Темпера,False,False
dataset\0866.jpg,XVI в.,Дерево,Левкас,None,Темпера,True,False
dataset\0867.jpg,XV в.,Дерево,None,None,Темпера,False,False
dataset\0868.jpg,XV в.,Дерево,Левкас,None,Темпера,False,False
dataset\0869.jpg,XVI в.,Дерево,Левкас,None,Темпера,False,False
dataset\0870.jpg,XV в.,Дерево,Левкас,None,Темпера,False,False
dataset\0871.jpg,XVI в.,Дерево,Левкас,Паволока,Темпера,True,False
dataset\0872.jpg,XVII в.,Дерево,None,None,Темпера,False,False
dataset\0873.jpg,XIII в.,Дерево,Левкас,None,Темпера,False,False
dataset\0874.jpg,XIV в.,Дерево,None,None,Темпера,False,False
dataset\0875.jpg,XVII в.,Дерево,None,None,Темпера,False,False
dataset\0876.jpg,XVII в.,Дерево,None,None,Темпера,False,False
dataset\0877.jpg,XVII в.,Дерево,Левкас,None,Темпера,False,False
dataset\0878.jpg,XVII в.,Дерево,None,None,Темпера,True,False
dataset\0879.jpg,XVII в.,Дерево,None,None,Темпера,False,False
dataset\0880.jpg,XVI в.,Дерево,None,None,Темпера,True,False
dataset\0881.jpg,XVII в.,Дерево,Левкас,Паволока,Темпера,False,False
dataset\0882.jpg,XVII в.,Дерево,Левкас,Позолота,Темпера,True,False
dataset\0883.jpg,XVII в.,Дерево,None,Паволока,Темпера,False,False
dataset\0884.jpg,XVII в.,Дерево,Левкас,Паволока,Темпера,False,False
dataset\0885.jpg,XVII в.,Дерево,Левкас,None,Темпера,False,False
dataset\0886.jpg,XVII в.,Дерево,None,Позолота,Темпера,False,False
dataset\0887.jpg,XVII в.,Дерево,None,Паволока,Темпера,False,False
dataset\0888.jpg,XVII в.,Дерево,Левкас,None,Темпера,False,False
dataset\0889.jpg,XVII в.,Дерево,None,Позолота,Темпера,False,False
dataset\0890.jpg,XVII в.,Дерево,None,Паволока,Темпера,False,False
dataset\0891.jpg,XVII в.,Дерево,Левкас,Паволока,Темпера,False,True
dataset\0892.jpg,XVII в.,Дерево,Левкас,Паволока,Темпера,False,True
dataset\0893.jpg,XVII в.,Дерево,None,None,Темпера,False,True
dataset\0894.jpg,XVII в.,Дерево,None,Паволока,Темпера,True,True
dataset\0895.jpg,XVII в.,Дерево,None,Паволока,Темпера,False,False
dataset\0896.jpg,XVI в.,Дерево,Левкас,Паволока,Темпера,False,True
dataset\0897.jpg,XVI в.,Дерево,None,None,Темпера,False,False
dataset\0898.jpg,XVII в.,Дерево,None,Паволока,Темпера,False,False
dataset\0899.jpg,XVII в.,Дерево,None,Паволока,Темпера,False,False
dataset\0900.jpg,XVII в.,Дерево,None,None,Темпера,False,False
dataset\0901.jpg,XVII в.,Холст,Левкас,None,Темпера,False,False
dataset\0902.jpg,XVIII в.,Дерево,Левкас,None,Темпера,False,False
dataset\0903.jpg,XVII в.,Дерево,Левкас,Паволока,Темпера,False,False
dataset\0904.jpg,XVII в.,Дерево,Левкас,Паволока,Темпера,False,False
dataset\0905.jpg,XVII в.,Дерево,Левкас,Паволока,Темпера,False,False
dataset\0906.jpg,XVII в.,Дерево,Левкас,Паволока,Темпера,False,False
dataset\0907.jpg,XVII в.,Дерево,Левкас,None,Темпера,False,False
dataset\0908.jpg,XVII в.,Дерево,Левкас,None,Темпера,False,False
dataset\0909.jpg,XVII в.,Дерево,Левкас,Паволока,Темпера,False,False
dataset\0910.jpg,XVIII в.,Дерево,Левкас,Паволока,Темпера,False,False
dataset\0911.jpg,XVIII в.,Дерево,Левкас,Паволока,Темпера,False,False
dataset\0912.jpg,XVII в.,Дерево,Левкас,Паволока,Темпера,False,False
dataset\0913.jpg,XVII в.,Дерево,Левкас,Паволока,Темпера,False,False
dataset\0914.jpg,XVII в.,Дерево,Левкас,None,Темпера,False,False
dataset\0915.jpg,XVIII в.,Дерево,Левкас,Паволока,Темпера,True,False
dataset\0916.jpg,XVII в.,Дерево,Левкас,Паволока,Темпера,False,False
dataset\0917.jpg,XVII–XVIII в.,Дерево,Левкас,None,Темпера,False,False
dataset\0918.jpg,XVIII в.,Дерево,Левкас,Паволока,Темпера,False,False
dataset\0919.jpg,XVII в.,Дерево,Левкас,None,Темпера,False,False
dataset\0920.jpg,XVII–XVIII в.,Дерево,Левкас,None,Темпера,False,False
dataset\0921.jpg,XVIII в.,Дерево,None,None,Темпера,False,False
dataset\0922.jpg,XVII в.,Известковая штукатурка,None,None,Смешанная,False,False
dataset\0923.jpg,XVII в.,Дерево,Левкас,None,Темпера,False,False
dataset\0924.jpg,XVII в.,Дерево,Левкас,None,Темпера,False,False
dataset\0925.jpg,XVII в.,Дерево,None,None,Темпера,False,False
dataset\0926.jpg,XVII в.,Дерево,None,Паволока,Темпера,False,False
dataset\0927.jpg,XVII в.,Дерево,Левкас,Паволока,Темпера,False,False
dataset\0928.jpg,XVII в.,Дерево,Левкас,Паволока,Темпера,False,False
dataset\0929.jpg,XVII в.,Дерево,Левкас,None,Темпера,False,True
dataset\0930.jpg,XVII в.,Дерево,Левкас,None,Темпера,False,True
dataset\0931.jpg,XVII в.,Дерево,Левкас,None,Темпера,False,False
dataset\0932.jpg,XVII в.,Дерево,None,Паволока,Темпера,True,False
dataset\0933.jpg,XVII в.,Дерево,Левкас,Паволока,Темпера,False,False
dataset\0934.jpg,XVII в.,Дерево,Левкас,Паволока,Темпера,False,False
dataset\0935.jpg,XVII в.,Дерево,Левкас,Паволока,Темпера,False,False
dataset\0936.jpg,XVII в.,Дерево,Левкас,None,Темпера,False,False
dataset\0937.jpg,XVII в.,Дерево,Левкас,Паволока,Темпера,True,False
dataset\0938.jpg,XVII в.,Дерево,Левкас,Паволока,Темпера,True,False
dataset\0939.jpg,XVII в.,Дерево,Левкас,Паволока,Темпера,True,False
dataset\0940.jpg,XVIII в.,Дерево,None,None,Темпера,False,False
dataset\0941.jpg,XVIII в.,Дерево,None,None,Темпера,False,False
dataset\0942.jpg,XVIII в.,Дерево,Левкас,None,Темпера,False,False
dataset\0943.jpg,XVIII в.,Дерево,Левкас,None,Темпера,False,False
dataset\0944.jpg,XVIII в.,Дерево,Левкас,Паволока,Темпера,False,False
dataset\0945.jpg,XVII в.,Дерево,Левкас,Паволока,Темпера,True,False
dataset\0946.jpg,XVII в.,Дерево,Левкас,Паволока,Темпера,False,False
dataset\0947.jpg,XVII в.,Дерево,Левкас,None,Темпера,False,False
dataset\0948.jpg,XVII в.,Дерево,Левкас,None,Темпера,False,False
dataset\0949.jpg,XVIII в.,Дерево,Левкас,None,Темпера,False,False
dataset\0950.jpg,XVII в.,Дерево,Левкас,None,Темпера,False,False
dataset\0951.jpg,XVI в.,Дерево,None,None,Темпера,False,False
dataset\0952.jpg,XVI–XVII в.,Дерево,None,None,Темпера,False,False
dataset\0953.jpg,XVI–XVII в.,Дерево,None,None,Темпера,False,False
dataset\0954.jpg,XVI–XVII в.,Дерево,None,Паволока,Темпера,False,False
dataset\0955.jpg,XVII в.,Дерево,Левкас,None,Темпера,False,False
dataset\0956.jpg,XVII в.,Дерево,Левкас,None,Темпера,False,False
dataset\0957.jpg,XVII в.,Дерево,Левкас,None,Темпера,False,False
dataset\0958.jpg,XVII в.,Дерево,Левкас,None,Темпера,False,False
dataset\0959.jpg,XVII в.,Дерево,Левкас,None,Темпера,False,False
dataset\0960.jpg,XVII в.,Дерево,None,Паволока,Темпера,False,False
dataset\0961.jpg,XVI в.,Дерево,Левкас,None,Темпера,False,False
dataset\0962.jpg,XVII в.,Дерево,None,None,Темпера,False,False
dataset\0963.jpg,XIV в.,Дерево,Левкас,Паволока,Темпера,True,False
dataset\0964.jpg,XIV в.,Дерево,Левкас,Паволока,Темпера,False,False
dataset\0965.jpg,XV в.,Дерево,Левкас,Паволока,Темпера,False,False
dataset\0966.jpg,XV в.,Дерево,Левкас,Паволока,Темпера,False,False
dataset\0967.jpg,XVI в.,Дерево,Левкас,Паволока,Темпера,False,False
dataset\0968.jpg,XV в.,Дерево,Левкас,Паволока,Темпера,False,False
dataset\0969.jpg,XVI в.,Дерево,Левкас,Паволока,Темпера,False,False
dataset\0970.jpg,XV в.,Дерево,Левкас,Паволока,Темпера,False,False
dataset\0971.jpg,XVI в.,Дерево,Левкас,Паволока,Темпера,False,False
dataset\0972.jpg,XVI в.,Дерево,Левкас,Паволока,Темпера,False,False
dataset\0973.jpg,XVI в.,Дерево,Левкас,Паволока,Темпера,False,False
dataset\0974.jpg,XVI в.,Дерево,Левкас,None,Темпера,False,False
dataset\0975.jpg,XVI в.,Дерево,Левкас,None,Темпера,False,False
dataset\0976.jpg,XIX в.,Дерево,Левкас,None,Темпера,False,False
dataset\0977.jpg,XVI в.,Дерево,Левкас,None,Темпера,False,False
dataset\0978.jpg,XVI в.,Дерево,Левкас,None,Темпера,False,False
dataset\0979.jpg,XIX в.,Дерево,Левкас,None,Темпера,False,False
dataset\0980.jpg,XVI в.,Дерево,Левкас,None,Темпера,False,False
dataset\0981.jpg,XVIII–XIX в.,Дерево,Левкас,None,Темпера,False,False
dataset\0982.jpg,XVI в.,Дерево,Левкас,None,Темпера,False,False
dataset\0983.jpg,XVI в.,Дерево,Левкас,None,Темпера,False,False
dataset\0984.jpg,XIV в.,Дерево,Левкас,None,Темпера,False,False
dataset\0985.jpg,XVI в.,Дерево,Левкас,None,Темпера,True,False
dataset\0986.jpg,XVII в.,Дерево,Левкас,None,Темпера,False,False
dataset\0987.jpg,XVII в.,Дерево,Левкас,None,Темпера,False,False
dataset\0988.jpg,XVIII в.,Дерево,None,None,Темпера,False,False
dataset\0989.jpg,XIX в.,Дерево,None,None,Темпера,False,False
dataset\0990.jpg,ХIХ в.,Дерево,Левкас,Позолота,Темпера,False,False
dataset\0991.jpg,XIX в.,Дерево,Левкас,Паволока,Темпера,True,True
dataset\0992.jpg,ХIХ в.,Дерево,Левкас,Паволока,Темпера,True,True
dataset\0993.jpg,ХIХ в.,Дерево,Левкас,Паволока,Темпера,True,True
dataset\0994.jpg,XVIII в.,Дерево,Левкас,Бархат,Смешанная,True,True
dataset\0995.jpg,ХIХ в.,Дерево,Левкас,Паволока,Темпера,True,True
dataset\0996.jpg,ХIХ в.,Дерево,Левкас,Позолота,Темпера,True,True
dataset\0997.jpg,ХIХ в.,Дерево,Левкас,Позолота,Темпера,False,True
dataset\0998.jpg,XVII в.,Дерево,Левкас,Позолота,Темпера,False,False
dataset\0999.jpg,XVII в.,Дерево,Левкас,None,Темпера,False,False
dataset\1000.jpg,ХIХ в.,Дерево,Левкас,None,Темпера,False,True
dataset\1001.jpg,ХIХ в.,Дерево,Левкас,None,Темпера,False,False
dataset\1002.jpg,XVIII в.,Дерево,Левкас,None,Темпера,False,True
dataset\1003.jpg,XVIII в.,Дерево,Левкас,Паволока,Темпера,False,False
dataset\1004.jpg,XVII в.,Дерево,Левкас,Паволока,Темпера,False,False
dataset\1005.jpg,ХХ в.,Дерево,Левкас,Паволока,Темпера,False,True
dataset\1006.jpg,ХIХ в.,Дерево,Левкас,Паволока,Темпера,False,False
dataset\1007.jpg,XIV в.,Дерево,None,None,Темпера,False,False
dataset\1008.jpg,XIX–XX в.,Дерево,Левкас,Паволока,Темпера,False,False
dataset\1009.jpg,XVII в.,Дерево,None,Позолота,Темпера,False,True
dataset\1010.jpg,XV в.,Дерево,Левкас,None,Темпера,False,False
dataset\1011.jpg,XVII в.,Дерево,None,Позолота,Темпера,False,False
dataset\1012.jpg,XVII в.,Дерево,None,Позолота,Темпера,False,False
dataset\1013.jpg,XIX в.,Дерево,None,None,Темпера,False,False
dataset\1014.jpg,XIX в.,Дерево,None,None,Масло,False,False
dataset\1015.jpg,XVII в.,Дерево,None,None,Темпера,False,False
dataset\1016.jpg,XVIII в.,Дерево,None,None,Темпера,False,False
dataset\1017.jpg,XVIII в.,Дерево,Левкас,Позолота,Темпера,False,False
dataset\1018.jpg,XVII в.,Дерево,None,Позолота,Темпера,False,False
dataset\1019.jpg,XVII в.,Дерево,Левкас,Паволока,Темпера,False,True
dataset\1020.jpg,XVII в.,Дерево,Левкас,None,Темпера,False,False
dataset\1021.jpg,XVII в.,Дерево,Левкас,Позолота,Темпера,False,False
dataset\1022.jpg,XIX–XX в.,Дерево,Левкас,Паволока,Темпера,False,False
dataset\1023.jpg,XIX в.,Дерево,None,None,Масло,False,False
dataset\1024.jpg,XVII в.,Дерево,None,Позолота,Темпера,False,False
dataset\1025.jpg,XIX–XX в.,Дерево,Левкас,Паволока,Темпера,False,False
dataset\1026.jpg,XVIII в.,Дерево,None,None,Темпера,False,False
dataset\1027.jpg,XIX в.,Дерево,Левкас,Паволока,Темпера,False,False
dataset\1028.jpg,XVIII в.,Дерево,Левкас,Позолота,Темпера,False,False
dataset\1029.jpg,XIX в.,Дерево,Левкас,None,Темпера,False,False
dataset\1030.jpg,XVII в.,Дерево,Левкас,Позолота,Темпера,False,False
dataset\1031.jpg,XVII в.,Дерево,None,Позолота,Темпера,False,False
dataset\1032.jpg,XVII в.,Дерево,Левкас,Позолота,Темпера,False,False
dataset\1033.jpg,XIX в.,Дерево,None,None,Масло,False,False
dataset\1034.jpg,XX в.,Дерево,None,None,Темпера,False,False
dataset\1035.jpg,XIX–XX в.,Дерево,Левкас,Позолота,Темпера,True,False
dataset\1036.jpg,ХIХ в.,Дерево,Левкас,None,Темпера,True,False
dataset\1037.jpg,ХIХ в.,Дерево,None,None,Масло,False,False
dataset\1038.jpg,ХIХ в.,Дерево,None,None,Масло,False,False
dataset\1039.jpg,XVII в.,Дерево,Левкас,Позолота,Темпера,False,False
dataset\1040.jpg,XVII в.,Дерево,None,None,Темпера,False,True
dataset\1041.jpg,XVII в.,Дерево,None,None,Темпера,False,False
dataset\1042.jpg,XVII в.,Дерево,None,None,Темпера,False,False
dataset\1043.jpg,XVI–XVII в.,Дерево,Левкас,Позолота,Темпера,False,False
dataset\1044.jpg,XIX в.,Дерево,Левкас,Паволока,Темпера,False,False
dataset\1045.jpg,XVII в.,Дерево,Левкас,Паволока,Темпера,False,False
dataset\1046.jpg,XIX в.,Дерево,None,None,Темпера,False,False
dataset\1047.jpg,XIX в.,Дерево,Посеребренье,None,Смешанная,False,False
dataset\1048.jpg,XVIII в.,Дерево,None,Позолота,Темпера,False,False
dataset\1049.jpg,XIX в.,Дерево,Левкас,Позолота,Темпера,False,False
dataset\1050.jpg,XVII в.,Дерево,None,None,Темпера,False,False
dataset\1051.jpg,XIX в.,Дерево,None,Позолота,Смешанная,False,False
dataset\1052.jpg,XVIII в.,Дерево,None,None,Темпера,False,False
dataset\1053.jpg,XIX в.,Дерево,None,None,Темпера,False,False
dataset\1054.jpg,XIX в.,Дерево,None,None,Масло,False,False
dataset\1055.jpg,XIX в.,Дерево,None,None,Темпера,False,False
dataset\1056.jpg,XX в.,Дерево,None,None,Масло,False,False
dataset\1057.jpg,XVII в.,Дерево,None,Позолота,Темпера,True,False
dataset\1058.jpg,XIX–XX в.,Дерево,None,Позолота,Темпера,False,False
dataset\1059.jpg,XIX в.,Дерево,None,None,Темпера,False,False
dataset\1060.jpg,XIX в.,Дерево,None,None,Темпера,False,False
dataset\1061.jpg,XIX в.,Дерево,None,Позолота,Масло,False,False
dataset\1062.jpg,XIX в.,Дерево,None,None,Темпера,False,False
dataset\1063.jpg,XIX в.,Дерево,Левкас,Позолота,Масло,False,False
dataset\1064.jpg,XIX–XX в.,Дерево,Левкас,Позолота,Темпера,True,True
dataset\1065.jpg,XVII в.,Дерево,None,None,Темпера,False,False
dataset\1066.jpg,XVII в.,Дерево,Левкас,None,Темпера,True,False
dataset\1067.jpg,XVII в.,Дерево,Левкас,None,Темпера,False,False
dataset\1068.jpg,XIX в.,Дерево,None,None,Темпера,False,False
dataset\1069.jpg,XVIII в.,Дерево,None,None,Темпера,False,False
dataset\1070.jpg,XIX в.,Дерево,None,None,Темпера,False,False
dataset\1071.jpg,XIX в.,Дерево,None,Позолота,Смешанная,False,False
dataset\1072.jpg,XIX в.,Дерево,Левкас,Позолота,Темпера,False,False
dataset\1073.jpg,XIX в.,Дерево,None,Паволока,Темпера,False,False
dataset\1074.jpg,XIX в.,Дерево,None,None,Темпера,False,False
dataset\1075.jpg,XIX в.,Дерево,None,Позолота,Темпера,True,False
dataset\1076.jpg,XIX в.,Дерево,Левкас,Позолота,Темпера,True,False
dataset\1077.jpg,XIX в.,Дерево,None,Позолота,Масло,True,False
dataset\1078.jpg,XIX в.,Дерево,None,Паволока,Смешанная,False,False
dataset\1079.jpg,XVIII в.,Дерево,None,Позолота,Темпера,False,False
dataset\1080.jpg,XVIII в.,Дерево,Левкас,Паволока,Темпера,False,False
dataset\1081.jpg,XV в.,Дерево,None,Позолота,Темпера,False,False
dataset\1082.jpg,XVII в.,Дерево,None,Позолота,Темпера,False,False
dataset\1083.jpg,XVII в.,Дерево,None,Позолота,Темпера,False,False
dataset\1084.jpg,XVII в.,Дерево,None,None,Темпера,False,False
dataset\1085.jpg,XVII в.,Дерево,Левкас,Паволока,Темпера,False,False
dataset\1086.jpg,XVII в.,Дерево,None,Позолота,Темпера,False,False
dataset\1087.jpg,XVII в.,Дерево,Левкас,Паволока,Темпера,False,False
dataset\1088.jpg,XVII в.,Дерево,None,Позолота,Темпера,False,False
dataset\1089.jpg,XVIII в.,Дерево,Левкас,Паволока,Масло,False,False
dataset\1090.jpg,XVI в.,Дерево,None,Позолота,Темпера,False,False
dataset\1091.jpg,XVII в.,Дерево,None,Позолота,Темпера,False,False
dataset\1092.jpg,XVII в.,Дерево,None,None,Масло,False,False
dataset\1093.jpg,XVII в.,Дерево,None,Позолота,Темпера,False,False
dataset\1094.jpg,XVII в.,Дерево,Левкас,None,Темпера,False,False
dataset\1095.jpg,XVII–XVIII в.,Дерево,None,None,Темпера,False,False
dataset\1096.jpg,XIX в.,Дерево,Левкас,Позолота,Темпера,False,False
dataset\1097.jpg,XVII в.,Дерево,Левкас,None,Темпера,False,False
dataset\1098.jpg,XVII в.,Дерево,None,Паволока,Темпера,False,False
dataset\1099.jpg,XVII в.,Дерево,None,None,Темпера,False,False
dataset\1100.jpg,XVII в.,Дерево,None,Паволока,Темпера,False,False
dataset\1101.jpg,XVII в.,Дерево,Левкас,None,Темпера,False,False
dataset\1102.jpg,XVII в.,Дерево,None,None,Темпера,False,False
dataset\1103.jpg,XVII в.,Дерево,None,Паволока,Темпера,False,False
dataset\1104.jpg,XVII в.,Дерево,Левкас,None,Темпера,False,True
dataset\1105.jpg,XVII в.,Дерево,Левкас,Паволока,Темпера,False,False
dataset\1106.jpg,XVIII в.,Дерево,Левкас,Паволока,Темпера,False,False
dataset\1107.jpg,XIX в.,Дерево,Левкас,Паволока,Темпера,False,False
dataset\1108.jpg,XIX в.,Дерево,None,Паволока,Темпера,False,False
dataset\1109.jpg,XVIII в.,Дерево,Левкас,None,Темпера,False,False
dataset\1110.jpg,XVIII в.,Дерево,None,Позолота,Темпера,True,False
dataset\1111.jpg,XIX–XX в.,Дерево,None,None,Масло,False,True
dataset\1112.jpg,XVII в.,Дерево,None,Паволока,Темпера,False,False
dataset\1113.jpg,XVII в.,Дерево,None,None,Темпера,False,False
dataset\1114.jpg,XVI в.,Дерево,None,None,Темпера,False,False
dataset\1115.jpg,XVI в.,Дерево,None,None,Темпера,False,False
dataset\1116.jpg,XVI в.,Дерево,None,None,Темпера,False,False
dataset\1117.jpg,XVI в.,Дерево,None,None,Темпера,False,False
dataset\1118.jpg,XVII в.,Дерево,None,None,Темпера,False,False
dataset\1119.jpg,XVI в.,Дерево,None,None,Темпера,False,False
dataset\1120.jpg,XVIII в.,Дерево,Левкас,Паволока,Темпера,False,False
dataset\1121.jpg,XVI в.,Дерево,None,None,Темпера,False,False
dataset\1122.jpg,XVII в.,Дерево,Левкас,Паволока,Темпера,False,False
dataset\1123.jpg,XVII в.,Дерево,None,None,Темпера,False,False
dataset\1124.jpg,XVII в.,Дерево,Левкас,Паволока,Темпера,False,False
dataset\1125.jpg,XVI в.,Дерево,None,None,Темпера,False,False
dataset\1126.jpg,XVII в.,Дерево,Левкас,Паволока,Темпера,False,False
dataset\1127.jpg,XVI в.,Дерево,None,None,Темпера,False,False
dataset\1128.jpg,XVI в.,Дерево,None,None,Темпера,False,False
